Test_No,5369_max,5369_min,5369_mean,5369_std,5365_max,5365_min,5365_mean,5365_std,5366_max,5366_min,5366_mean,5366_std,5376_max,5376_min,5376_mean,5376_std,5378_max,5378_min,5378_mean,5378_std,10102_max,10102_min,10102_mean,10102_std,12493_max,12493_min,12493_mean,12493_std
150325-2,0,0,0,0,0,0,0,0,0,0,0,0,0,0,0,0,0,0,0,0,0,0,0,0,0,0,0,0
150325-2,0,0,0,0,0,0,0,0,0,0,0,0,0,0,0,0,0,0,0,0,0,0,0,0,0,0,0,0
150325-2,0,0,0,0,299.1402893,0,19.57618897,46.70792609,0,0,0,0,0,0,0,0,0,0,0,0,0,0,0,0,0,0,0,0
150325-2,0,0,0,0,0,0,0,0,91.56781006,0,10.27616693,20.66444368,0,0,0,0,0,0,0,0,0,0,0,0,0,0,0,0
150325-2,925.4660645,722.6102905,851.3190214,57.55279545,0,0,0,0,0,0,0,0,0,0,0,0,0,0,0,0,0,0,0,0,0,0,0,0
150325-2,0,0,0,0,0,0,0,0,0,0,0,0,0,0,0,0,0,0,0,0,0,0,0,0,0,0,0,0
150325-2,0,0,0,0,0,0,0,0,0,0,0,0,0,0,0,0,0,0,0,0,0,0,0,0,0,0,0,0
150326-1,0,0,0,0,0,0,0,0,0,0,0,0,0,0,0,0,0,0,0,0,0,0,0,0,0,0,0,0
150326-1,0,0,0,0,0,0,0,0,0,0,0,0,0,0,0,0,0,0,0,0,0,0,0,0,0,0,0,0
150326-1,0,0,0,0,44.64670181,0,2.479442165,8.534401635,0,0,0,0,0,0,0,0,0,0,0,0,0,0,0,0,0,0,0,0
150326-1,0,0,0,0,0,0,0,0,85.25587463,0,7.629871296,18.36826746,0,0,0,0,0,0,0,0,0,0,0,0,0,0,0,0
150326-1,965.8587646,790.9637451,858.5474243,57.61861419,0,0,0,0,0,0,0,0,0,0,0,0,0,0,0,0,0,0,0,0,0,0,0,0
150326-1,0,0,0,0,0,0,0,0,0,0,0,0,0,0,0,0,0,0,0,0,0,0,0,0,0,0,0,0
150326-1,0,0,0,0,0,0,0,0,0,0,0,0,0,0,0,0,0,0,0,0,0,0,0,0,0,0,0,0
150326-2,0,0,0,0,0,0,0,0,0,0,0,0,0,0,0,0,0,0,0,0,0,0,0,0,0,0,0,0
150326-2,0,0,0,0,0,0,0,0,0,0,0,0,0,0,0,0,0,0,0,0,0,0,0,0,0,0,0,0
150326-2,0,0,0,0,1.311735153,0,0.062463579,0.286244078,0,0,0,0,0,0,0,0,0,0,0,0,0,0,0,0,0,0,0,0
150326-2,0,0,0,0,0,0,0,0,1.76657486,0,0.122968356,0.414266189,0,0,0,0,0,0,0,0,0,0,0,0,0,0,0,0
150326-2,1171.58374,860.7784424,1036.754209,78.36379716,0,0,0,0,0,0,0,0,0,0,0,0,0,0,0,0,0,0,0,0,0,0,0,0
150326-2,0,0,0,0,0,0,0,0,0,0,0,0,0,0,0,0,0,0,0,0,0,0,0,0,0,0,0,0
150326-2,0,0,0,0,0,0,0,0,0,0,0,0,0,0,0,0,0,0,0,0,0,0,0,0,0,0,0,0
150327-1,0,0,0,0,0,0,0,0,0,0,0,0,0,0,0,0,0,0,0,0,0,0,0,0,0,0,0,0
150327-1,0,0,0,0,0,0,0,0,0,0,0,0,0,0,0,0,0,0,0,0,0,0,0,0,0,0,0,0
150327-1,0,0,0,0,0,0,0,0,0,0,0,0,0,0,0,0,0,0,0,0,0,0,0,0,0,0,0,0
150327-1,0,0,0,0,0,0,0,0,0,0,0,0,0,0,0,0,0,0,0,0,0,0,0,0,0,0,0,0
150327-1,1136.387695,969.9732666,1020.405212,53.23412347,0,0,0,0,0,0,0,0,0,0,0,0,0,0,0,0,0,0,0,0,0,0,0,0
150327-1,0,0,0,0,0,0,0,0,0,0,0,0,0,0,0,0,0,0,0,0,0,0,0,0,0,0,0,0
150327-1,0,0,0,0,0,0,0,0,0,0,0,0,0,0,0,0,0,0,0,0,0,0,0,0,0,0,0,0
150327-2,0,0,0,0,0,0,0,0,0,0,0,0,0,0,0,0,0,0,0,0,0.997400522,0.97008419,0.98539213,0.005069588,0,0,0,0
150327-2,0,0,0,0,0,0,0,0,0,0,0,0,0,0,0,0,0,0,0,0,0,0,0,0,7.435836315,0.00062958,1.812641283,1.791836204
150327-2,0,0,0,0,54.97741699,0,4.358929707,12.22822447,0,0,0,0,0,0,0,0,0,0,0,0,0,0,0,0,0,0,0,0
150327-2,0,0,0,0,0,0,0,0,86.07321167,0,3.134407704,12.69329301,0,0,0,0,0,0,0,0,0,0,0,0,0,0,0,0
150327-2,1837.1698,1519.384644,1648.09082,119.8885855,0,0,0,0,0,0,0,0,0,0,0,0,0,0,0,0,0,0,0,0,0,0,0,0
150327-2,0,0,0,0,0,0,0,0,0,0,0,0,0,0,0,0,0,0,0,0,0,0,0,0,0,0,0,0
150327-2,0,0,0,0,0,0,0,0,0,0,0,0,0,0,0,0,0,0,0,0,0,0,0,0,0,0,0,0
150328-1,0,0,0,0,0,0,0,0,0,0,0,0,0,0,0,0,0,0,0,0,0.99375844,0.975110531,0.985777606,0.004188636,0,0,0,0
150328-1,0,0,0,0,0,0,0,0,0,0,0,0,0,0,0,0,0,0,0,0,0,0,0,0,5.408560276,0.597719431,2.879979968,1.487346409
150328-1,0,0,0,0,113.5308685,0,9.615942408,25.671823,0,0,0,0,0,0,0,0,0,0,0,0,0,0,0,0,0,0,0,0
150328-1,0,0,0,0,0,0,0,0,189.6138458,0,12.34088674,28.50818727,0,0,0,0,0,0,0,0,0,0,0,0,0,0,0,0
150328-1,1942.055664,1665.828003,1831.39073,92.18709877,0,0,0,0,0,0,0,0,0,0,0,0,0,0,0,0,0,0,0,0,0,0,0,0
150328-1,0,0,0,0,0,0,0,0,0,0,0,0,0,0,0,0,0,0,0,0,0,0,0,0,0,0,0,0
150328-1,0,0,0,0,0,0,0,0,0,0,0,0,0,0,0,0,0,0,0,0,0,0,0,0,0,0,0,0
150330-2,0,0,0,0,0,0,0,0,0,0,0,0,0,0,0,0,0,0,0,0,0,0,0,0,0,0,0,0
150330-2,0,0,0,0,0,0,0,0,0,0,0,0,0,0,0,0,0,0,0,0,0,0,0,0,0,0,0,0
150330-2,0,0,0,0,0,0,0,0,0,0,0,0,0,0,0,0,0,0,0,0,0,0,0,0,0,0,0,0
150330-2,0,0,0,0,0,0,0,0,0,0,0,0,0,0,0,0,0,0,0,0,0,0,0,0,0,0,0,0
150330-2,0,0,0,0,0,0,0,0,0,0,0,0,0,0,0,0,0,0,0,0,0,0,0,0,0,0,0,0
150330-2,0,0,0,0,0,0,0,0,0,0,0,0,0,0,0,0,0,0,0,0,0,0,0,0,0,0,0,0
150330-2,0,0,0,0,0,0,0,0,0,0,0,0,0,0,0,0,0,0,0,0,0,0,0,0,0,0,0,0
150331-1,0,0,0,0,0,0,0,0,0,0,0,0,0,0,0,0,0,0,0,0,0,0,0,0,0,0,0,0
150331-1,0,0,0,0,0,0,0,0,0,0,0,0,0,0,0,0,0,0,0,0,0,0,0,0,0,0,0,0
150331-1,0,0,0,0,0,0,0,0,0,0,0,0,0,0,0,0,0,0,0,0,0,0,0,0,0,0,0,0
150331-1,0,0,0,0,0,0,0,0,0,0,0,0,0,0,0,0,0,0,0,0,0,0,0,0,0,0,0,0
150331-1,742.2035522,742.2035522,742.2035522,0,0,0,0,0,0,0,0,0,0,0,0,0,0,0,0,0,0,0,0,0,0,0,0,0
150331-1,0,0,0,0,0,0,0,0,0,0,0,0,0,0,0,0,0,0,0,0,0,0,0,0,0,0,0,0
150331-1,0,0,0,0,0,0,0,0,0,0,0,0,0,0,0,0,0,0,0,0,0,0,0,0,0,0,0,0
150331-2,0,0,0,0,0,0,0,0,0,0,0,0,0,0,0,0,0,0,0,0,0,0,0,0,0,0,0,0
150331-2,0,0,0,0,0,0,0,0,0,0,0,0,0,0,0,0,0,0,0,0,0,0,0,0,0,0,0,0
150331-2,0,0,0,0,49.91824341,0,1.592747481,6.186188572,0,0,0,0,0,0,0,0,0,0,0,0,0,0,0,0,0,0,0,0
150331-2,0,0,0,0,0,0,0,0,65.65409088,0,3.517375109,9.897458183,0,0,0,0,0,0,0,0,0,0,0,0,0,0,0,0
150331-2,1199.865723,782.1515503,956.666954,158.0932669,0,0,0,0,0,0,0,0,0,0,0,0,0,0,0,0,0,0,0,0,0,0,0,0
150331-2,0,0,0,0,0,0,0,0,0,0,0,0,0,0,0,0,0,0,0,0,0,0,0,0,0,0,0,0
150331-2,0,0,0,0,0,0,0,0,0,0,0,0,0,0,0,0,0,0,0,0,0,0,0,0,0,0,0,0
150401-1,0,0,0,0,0,0,0,0,0,0,0,0,0,0,0,0,0,0,0,0,0,0,0,0,0,0,0,0
150401-1,0,0,0,0,0,0,0,0,0,0,0,0,0,0,0,0,0,0,0,0,0,0,0,0,0,0,0,0
150401-1,0,0,0,0,70.43603516,0,2.550975067,10.47772229,0,0,0,0,0,0,0,0,0,0,0,0,0,0,0,0,0,0,0,0
150401-1,0,0,0,0,0,0,0,0,47.87495041,0,2.012105366,6.588950039,0,0,0,0,0,0,0,0,0,0,0,0,0,0,0,0
150401-1,985.1984863,702.6934814,842.9650879,98.03038534,0,0,0,0,0,0,0,0,0,0,0,0,0,0,0,0,0,0,0,0,0,0,0,0
150401-1,0,0,0,0,0,0,0,0,0,0,0,0,0,0,0,0,0,0,0,0,0,0,0,0,0,0,0,0
150401-1,0,0,0,0,0,0,0,0,0,0,0,0,0,0,0,0,0,0,0,0,0,0,0,0,0,0,0,0
150401-2,0,0,0,0,0,0,0,0,0,0,0,0,0,0,0,0,0,0,0,0,0,0,0,0,0,0,0,0
150401-2,0,0,0,0,0,0,0,0,0,0,0,0,0,0,0,0,0,0,0,0,0,0,0,0,0,0,0,0
150401-2,0,0,0,0,0,0,0,0,0,0,0,0,0,0,0,0,0,0,0,0,0,0,0,0,0,0,0,0
150401-2,0,0,0,0,0,0,0,0,0,0,0,0,0,0,0,0,0,0,0,0,0,0,0,0,0,0,0,0
150401-2,0,0,0,0,0,0,0,0,0,0,0,0,0,0,0,0,0,0,0,0,0,0,0,0,0,0,0,0
150401-2,0,0,0,0,0,0,0,0,0,0,0,0,0,0,0,0,0,0,0,0,0,0,0,0,0,0,0,0
150401-2,0,0,0,0,0,0,0,0,0,0,0,0,0,0,0,0,0,0,0,0,0,0,0,0,0,0,0,0
150402-1,0,0,0,0,0,0,0,0,0,0,0,0,0,0,0,0,0,0,0,0,0,0,0,0,0,0,0,0
150402-1,0,0,0,0,0,0,0,0,0,0,0,0,0,0,0,0,0,0,0,0,0,0,0,0,0,0,0,0
150402-1,0,0,0,0,0,0,0,0,0,0,0,0,0,0,0,0,0,0,0,0,0,0,0,0,0,0,0,0
150402-1,0,0,0,0,0,0,0,0,0,0,0,0,0,0,0,0,0,0,0,0,0,0,0,0,0,0,0,0
150402-1,0,0,0,0,0,0,0,0,0,0,0,0,0,0,0,0,0,0,0,0,0,0,0,0,0,0,0,0
150402-1,0,0,0,0,0,0,0,0,0,0,0,0,0,0,0,0,0,0,0,0,0,0,0,0,0,0,0,0
150402-1,0,0,0,0,0,0,0,0,0,0,0,0,0,0,0,0,0,0,0,0,0,0,0,0,0,0,0,0
150402-2,0,0,0,0,0,0,0,0,0,0,0,0,0,0,0,0,0,0,0,0,0,0,0,0,0,0,0,0
150402-2,0,0,0,0,0,0,0,0,0,0,0,0,0,0,0,0,0,0,0,0,0,0,0,0,0,0,0,0
150402-2,0,0,0,0,0,0,0,0,0,0,0,0,0,0,0,0,0,0,0,0,0,0,0,0,0,0,0,0
150402-2,0,0,0,0,0,0,0,0,0,0,0,0,0,0,0,0,0,0,0,0,0,0,0,0,0,0,0,0
150402-2,831.2846069,610.7398682,735.099589,112.9396116,0,0,0,0,0,0,0,0,0,0,0,0,0,0,0,0,0,0,0,0,0,0,0,0
150402-2,0,0,0,0,0,0,0,0,0,0,0,0,0,0,0,0,0,0,0,0,0,0,0,0,0,0,0,0
150402-2,0,0,0,0,0,0,0,0,0,0,0,0,0,0,0,0,0,0,0,0,0,0,0,0,0,0,0,0
150403-1,0,0,0,0,0,0,0,0,0,0,0,0,0,0,0,0,0,0,0,0,0,0,0,0,0,0,0,0
150403-1,0,0,0,0,0,0,0,0,0,0,0,0,0,0,0,0,0,0,0,0,0,0,0,0,0,0,0,0
150403-1,0,0,0,0,0,0,0,0,0,0,0,0,0,0,0,0,0,0,0,0,0,0,0,0,0,0,0,0
150403-1,0,0,0,0,0,0,0,0,0,0,0,0,0,0,0,0,0,0,0,0,0,0,0,0,0,0,0,0
150403-1,0,0,0,0,0,0,0,0,0,0,0,0,0,0,0,0,0,0,0,0,0,0,0,0,0,0,0,0
150403-1,0,0,0,0,0,0,0,0,0,0,0,0,0,0,0,0,0,0,0,0,0,0,0,0,0,0,0,0
150403-1,0,0,0,0,0,0,0,0,0,0,0,0,0,0,0,0,0,0,0,0,0,0,0,0,0,0,0,0
150407-2,0,0,0,0,0,0,0,0,0,0,0,0,0,0,0,0,0,0,0,0,0.994640529,0.974937439,0.985749337,0.005628834,0,0,0,0
150407-2,0,0,0,0,0,0,0,0,0,0,0,0,0,0,0,0,0,0,0,0,0,0,0,0,7.814312458,0.439130545,3.949138135,2.129254794
150407-2,0,0,0,0,9.739073753,0,0.226490087,1.485194824,0,0,0,0,0,0,0,0,0,0,0,0,0,0,0,0,0,0,0,0
150407-2,0,0,0,0,0,0,0,0,27.39079666,0,0.636995271,4.177057331,0,0,0,0,0,0,0,0,0,0,0,0,0,0,0,0
150407-2,1518.812256,1249.508301,1384.160278,190.4266528,0,0,0,0,0,0,0,0,0,0,0,0,0,0,0,0,0,0,0,0,0,0,0,0
150407-2,0,0,0,0,0,0,0,0,0,0,0,0,0,0,0,0,0,0,0,0,0,0,0,0,0,0,0,0
150407-2,0,0,0,0,0,0,0,0,0,0,0,0,0,0,0,0,0,0,0,0,0,0,0,0,0,0,0,0
150408-2,0,0,0,0,0,0,0,0,0,0,0,0,0,0,0,0,0,0,0,0,0,0,0,0,0,0,0,0
150408-2,0,0,0,0,0,0,0,0,0,0,0,0,0,0,0,0,0,0,0,0,0,0,0,0,0,0,0,0
150408-2,0,0,0,0,3.883544922,0,0.204397101,0.890946308,0,0,0,0,0,0,0,0,0,0,0,0,0,0,0,0,0,0,0,0
150408-2,0,0,0,0,0,0,0,0,3.836099625,0,0.317664699,0.978476041,0,0,0,0,0,0,0,0,0,0,0,0,0,0,0,0
150408-2,1406.533081,1177.783569,1295.866778,63.73465133,0,0,0,0,0,0,0,0,0,0,0,0,0,0,0,0,0,0,0,0,0,0,0,0
150408-2,0,0,0,0,0,0,0,0,0,0,0,0,0,0,0,0,0,0,0,0,0,0,0,0,0,0,0,0
150408-2,0,0,0,0,0,0,0,0,0,0,0,0,0,0,0,0,0,0,0,0,0,0,0,0,0,0,0,0
150409-1,0,0,0,0,0,0,0,0,0,0,0,0,0,0,0,0,0,0,0,0,0,0,0,0,0,0,0,0
150409-1,0,0,0,0,0,0,0,0,0,0,0,0,0,0,0,0,0,0,0,0,0,0,0,0,0,0,0,0
150409-1,0,0,0,0,21.02582169,0,1.135258136,4.378713489,0,0,0,0,0,0,0,0,0,0,0,0,0,0,0,0,0,0,0,0
150409-1,0,0,0,0,0,0,0,0,17.67773819,0,1.049166348,3.76705656,0,0,0,0,0,0,0,0,0,0,0,0,0,0,0,0
150409-1,1465.818604,1063.943604,1298.160679,112.0521123,0,0,0,0,0,0,0,0,0,0,0,0,0,0,0,0,0,0,0,0,0,0,0,0
150409-1,0,0,0,0,0,0,0,0,0,0,0,0,0,0,0,0,0,0,0,0,0,0,0,0,0,0,0,0
150409-1,0,0,0,0,0,0,0,0,0,0,0,0,0,0,0,0,0,0,0,0,0,0,0,0,0,0,0,0
150409-2,0,0,0,0,0,0,0,0,0,0,0,0,0,0,0,0,0,0,0,0,0,0,0,0,0,0,0,0
150409-2,0,0,0,0,0,0,0,0,0,0,0,0,0,0,0,0,0,0,0,0,0,0,0,0,0,0,0,0
150409-2,0,0,0,0,0,0,0,0,0,0,0,0,0,0,0,0,0,0,0,0,0,0,0,0,0,0,0,0
150409-2,0,0,0,0,0,0,0,0,0,0,0,0,0,0,0,0,0,0,0,0,0,0,0,0,0,0,0,0
150409-2,882.9869995,882.9869995,882.9869995,0,0,0,0,0,0,0,0,0,0,0,0,0,0,0,0,0,0,0,0,0,0,0,0,0
150409-2,0,0,0,0,0,0,0,0,0,0,0,0,0,0,0,0,0,0,0,0,0,0,0,0,0,0,0,0
150409-2,0,0,0,0,0,0,0,0,0,0,0,0,0,0,0,0,0,0,0,0,0,0,0,0,0,0,0,0
150410-1,0,0,0,0,0,0,0,0,0,0,0,0,0,0,0,0,0,0,0,0,0,0,0,0,0,0,0,0
150410-1,0,0,0,0,0,0,0,0,0,0,0,0,0,0,0,0,0,0,0,0,0,0,0,0,0,0,0,0
150410-1,0,0,0,0,31.02218056,0,5.736225552,11.6766634,0,0,0,0,0,0,0,0,0,0,0,0,0,0,0,0,0,0,0,0
150410-1,0,0,0,0,0,0,0,0,0,0,0,0,0,0,0,0,0,0,0,0,0,0,0,0,0,0,0,0
150410-1,922.9353027,867.3231812,895.1292419,39.32370829,0,0,0,0,0,0,0,0,0,0,0,0,0,0,0,0,0,0,0,0,0,0,0,0
150410-1,0,0,0,0,0,0,0,0,0,0,0,0,0,0,0,0,0,0,0,0,0,0,0,0,0,0,0,0
150410-1,0,0,0,0,0,0,0,0,0,0,0,0,0,0,0,0,0,0,0,0,0,0,0,0,0,0,0,0
150410-2,0,0,0,0,0,0,0,0,0,0,0,0,0,0,0,0,0,0,0,0,0,0,0,0,0,0,0,0
150410-2,0,0,0,0,0,0,0,0,0,0,0,0,0,0,0,0,0,0,0,0,0,0,0,0,0,0,0,0
150410-2,0,0,0,0,7.380264282,0,0.541186829,1.881504504,0,0,0,0,0,0,0,0,0,0,0,0,0,0,0,0,0,0,0,0
150410-2,0,0,0,0,0,0,0,0,3.640339851,0,0.174411888,0.736260969,0,0,0,0,0,0,0,0,0,0,0,0,0,0,0,0
150410-2,1635.84021,1218.459106,1438.839331,151.3452317,0,0,0,0,0,0,0,0,0,0,0,0,0,0,0,0,0,0,0,0,0,0,0,0
150410-2,0,0,0,0,0,0,0,0,0,0,0,0,0,0,0,0,0,0,0,0,0,0,0,0,0,0,0,0
150410-2,0,0,0,0,0,0,0,0,0,0,0,0,0,0,0,0,0,0,0,0,0,0,0,0,0,0,0,0
150411-1,0,0,0,0,0,0,0,0,0,0,0,0,0,0,0,0,0,0,0,0,0,0,0,0,0,0,0,0
150411-1,0,0,0,0,0,0,0,0,0,0,0,0,0,0,0,0,0,0,0,0,0,0,0,0,14.8654604,12.78142929,13.82344484,1.473632527
150411-1,0,0,0,0,0,0,0,0,0,0,0,0,0,0,0,0,0,0,0,0,0,0,0,0,0,0,0,0
150411-1,0,0,0,0,0,0,0,0,2.38895607,0,0.102729479,0.448536373,0,0,0,0,0,0,0,0,0,0,0,0,0,0,0,0
150411-1,1626.868774,1333.943359,1497.644217,97.64645363,0,0,0,0,0,0,0,0,0,0,0,0,0,0,0,0,0,0,0,0,0,0,0,0
150411-1,0,0,0,0,0,0,0,0,0,0,0,0,0,0,0,0,0,0,0,0,0,0,0,0,0,0,0,0
150411-1,0,0,0,0,0,0,0,0,0,0,0,0,0,0,0,0,0,0,0,0,0,0,0,0,0,0,0,0
150413-2,0,0,0,0,0,0,0,0,0,0,0,0,0,0,0,0,0,0,0,0,0.995628655,0.980182409,0.986914718,0.004877306,0,0,0,0
150413-2,0,0,0,0,0,0,0,0,0,0,0,0,0,0,0,0,0,0,0,0,0,0,0,0,6.056245327,1.567084432,4.294994421,1.148450333
150413-2,0,0,0,0,150.2457275,0,2.19658197,15.03614659,0,0,0,0,0,0,0,0,0,0,0,0,0,0,0,0,0,0,0,0
150413-2,0,0,0,0,0,0,0,0,159.9602051,0,6.477191434,22.76243559,0,0,0,0,0,0,0,0,0,0,0,0,0,0,0,0
150413-2,1543.226196,1275.337158,1456.753311,88.95578464,0,0,0,0,0,0,0,0,0,0,0,0,0,0,0,0,0,0,0,0,0,0,0,0
150413-2,0,0,0,0,0,0,0,0,0,0,0,0,0,0,0,0,0,0,0,0,0,0,0,0,0,0,0,0
150413-2,0,0,0,0,0,0,0,0,0,0,0,0,0,0,0,0,0,0,0,0,0,0,0,0,0,0,0,0
150415-2,0,0,0,0,0,0,0,0,0,0,0,0,0,0,0,0,0,0,0,0,0,0,0,0,0,0,0,0
150415-2,0,0,0,0,0,0,0,0,0,0,0,0,0,0,0,0,0,0,0,0,0,0,0,0,0,0,0,0
150415-2,0,0,0,0,0,0,0,0,0,0,0,0,0,0,0,0,0,0,0,0,0,0,0,0,0,0,0,0
150415-2,0,0,0,0,0,0,0,0,0,0,0,0,0,0,0,0,0,0,0,0,0,0,0,0,0,0,0,0
150415-2,1871.111328,1871.111328,1871.111328,0,0,0,0,0,0,0,0,0,0,0,0,0,0,0,0,0,0,0,0,0,0,0,0,0
150415-2,0,0,0,0,0,0,0,0,0,0,0,0,0,0,0,0,0,0,0,0,0,0,0,0,0,0,0,0
150415-2,0,0,0,0,0,0,0,0,0,0,0,0,0,0,0,0,0,0,0,0,0,0,0,0,0,0,0,0
150416-1,0,0,0,0,0,0,0,0,0,0,0,0,0,0,0,0,0,0,0,0,0,0,0,0,0,0,0,0
150416-1,0,0,0,0,0,0,0,0,0,0,0,0,0,0,0,0,0,0,0,0,0,0,0,0,0,0,0,0
150416-1,0,0,0,0,0,0,0,0,0,0,0,0,0,0,0,0,0,0,0,0,0,0,0,0,0,0,0,0
150416-1,0,0,0,0,0,0,0,0,0,0,0,0,0,0,0,0,0,0,0,0,0,0,0,0,0,0,0,0
150416-1,1537.776123,1331.375854,1434.575989,145.9470295,0,0,0,0,0,0,0,0,0,0,0,0,0,0,0,0,0,0,0,0,0,0,0,0
150416-1,0,0,0,0,0,0,0,0,0,0,0,0,0,0,0,0,0,0,0,0,0,0,0,0,0,0,0,0
150416-1,0,0,0,0,0,0,0,0,0,0,0,0,0,0,0,0,0,0,0,0,0,0,0,0,0,0,0,0
150416-2,0,0,0,0,0,0,0,0,0,0,0,0,0,0,0,0,0,0,0,0,0,0,0,0,0,0,0,0
150416-2,0,0,0,0,0,0,0,0,0,0,0,0,0,0,0,0,0,0,0,0,0,0,0,0,0,0,0,0
150416-2,0,0,0,0,78.59225464,0,4.075290044,14.76536336,0,0,0,0,0,0,0,0,0,0,0,0,0,0,0,0,0,0,0,0
150416-2,0,0,0,0,0,0,0,0,5.919175148,0,0.195362515,0.897038184,0,0,0,0,0,0,0,0,0,0,0,0,0,0,0,0
150416-2,1029.612549,716.6089478,872.9998685,83.15322941,0,0,0,0,0,0,0,0,0,0,0,0,0,0,0,0,0,0,0,0,0,0,0,0
150416-2,0,0,0,0,0,0,0,0,0,0,0,0,0,0,0,0,0,0,0,0,0,0,0,0,0,0,0,0
150416-2,0,0,0,0,0,0,0,0,0,0,0,0,0,0,0,0,0,0,0,0,0,0,0,0,0,0,0,0
150417-1,0,0,0,0,0,0,0,0,0,0,0,0,0,0,0,0,0,0,0,0,0,0,0,0,0,0,0,0
150417-1,0,0,0,0,0,0,0,0,0,0,0,0,0,0,0,0,0,0,0,0,0,0,0,0,0,0,0,0
150417-1,0,0,0,0,120.2324982,0,12.7069676,23.67284596,0,0,0,0,0,0,0,0,0,0,0,0,0,0,0,0,0,0,0,0
150417-1,0,0,0,0,0,0,0,0,133.9520111,0,15.53111952,25.33789156,0,0,0,0,0,0,0,0,0,0,0,0,0,0,0,0
150417-1,1096.213745,685.3853149,891.5819045,120.7910346,0,0,0,0,0,0,0,0,0,0,0,0,0,0,0,0,0,0,0,0,0,0,0,0
150417-1,0,0,0,0,0,0,0,0,0,0,0,0,0,0,0,0,0,0,0,0,0,0,0,0,0,0,0,0
150417-1,0,0,0,0,0,0,0,0,0,0,0,0,0,0,0,0,0,0,0,0,0,0,0,0,0,0,0,0
150417-2,0,0,0,0,0,0,0,0,0,0,0,0,0,0,0,0,0,0,0,0,0.996363521,0.97437495,0.989175946,0.004253601,0,0,0,0
150417-2,0,0,0,0,0,0,0,0,0,0,0,0,0,0,0,0,0,0,0,0,0,0,0,0,6.129378319,0.219399169,2.907546519,1.581529546
150417-2,0,0,0,0,10.72276878,0,0.396804559,1.860655285,0,0,0,0,0,0,0,0,0,0,0,0,0,0,0,0,0,0,0,0
150417-2,0,0,0,0,0,0,0,0,71.91085815,0,3.051362205,9.765315726,0,0,0,0,0,0,0,0,0,0,0,0,0,0,0,0
150417-2,1775.672729,1098.49585,1505.579773,287.7021403,0,0,0,0,0,0,0,0,0,0,0,0,0,0,0,0,0,0,0,0,0,0,0,0
150417-2,0,0,0,0,0,0,0,0,0,0,0,0,0,0,0,0,0,0,0,0,0,0,0,0,0,0,0,0
150417-2,0,0,0,0,0,0,0,0,0,0,0,0,0,0,0,0,0,0,0,0,0,0,0,0,0,0,0,0
150418-1,0,0,0,0,0,0,0,0,0,0,0,0,0,0,0,0,0,0,0,0,0.99679178,0.981270432,0.990736958,0.003930662,0,0,0,0
150418-1,0,0,0,0,0,0,0,0,0,0,0,0,0,0,0,0,0,0,0,0,0,0,0,0,3.537334681,0.488179922,1.880166554,0.784400611
150418-1,0,0,0,0,16.24318123,0,0.580113615,3.069672717,0,0,0,0,0,0,0,0,0,0,0,0,0,0,0,0,0,0,0,0
150418-1,0,0,0,0,0,0,0,0,71.91085815,0,3.474157061,14.24212405,0,0,0,0,0,0,0,0,0,0,0,0,0,0,0,0
150418-1,1585.624634,1585.624634,1585.624634,0,0,0,0,0,0,0,0,0,0,0,0,0,0,0,0,0,0,0,0,0,0,0,0,0
150418-1,0,0,0,0,0,0,0,0,0,0,0,0,0,0,0,0,0,0,0,0,0,0,0,0,0,0,0,0
150418-1,0,0,0,0,0,0,0,0,0,0,0,0,0,0,0,0,0,0,0,0,0,0,0,0,0,0,0,0
150420-2,0,0,0,0,0,0,0,0,0,0,0,0,0,0,0,0,0,0,0,0,0.997204006,0.951767683,0.988536846,0.006274781,0,0,0,0
150420-2,0,0,0,0,0,0,0,0,0,0,0,0,0,0,0,0,0,0,0,0,0,0,0,0,5.937317371,3.62E-08,2.549886409,1.55783998
150420-2,0,0,0,0,30.2730751,0,0.35552283,3.059302902,0,0,0,0,0,0,0,0,0,0,0,0,0,0,0,0,0,0,0,0
150420-2,0,0,0,0,0,0,0,0,61.31016541,0,2.095147268,8.641518003,0,0,0,0,0,0,0,0,0,0,0,0,0,0,0,0
150420-2,1627.058716,1053.866089,1284.033966,259.5845725,0,0,0,0,0,0,0,0,0,0,0,0,0,0,0,0,0,0,0,0,0,0,0,0
150420-2,0,0,0,0,0,0,0,0,0,0,0,0,0,0,0,0,0,0,0,0,0,0,0,0,0,0,0,0
150420-2,0,0,0,0,0,0,0,0,0,0,0,0,0,0,0,0,0,0,0,0,0,0,0,0,0,0,0,0
150526-1,0,0,0,0,0,0,0,0,0,0,0,0,0,0,0,0,0,0,0,0,0,0,0,0,0,0,0,0
150526-1,0,0,0,0,0,0,0,0,0,0,0,0,0,0,0,0,0,0,0,0,0,0,0,0,0,0,0,0
150526-1,0,0,0,0,0,0,0,0,0,0,0,0,0,0,0,0,0,0,0,0,0,0,0,0,0,0,0,0
150526-1,0,0,0,0,0,0,0,0,0,0,0,0,0,0,0,0,0,0,0,0,0,0,0,0,0,0,0,0
150526-1,0,0,0,0,0,0,0,0,0,0,0,0,0,0,0,0,0,0,0,0,0,0,0,0,0,0,0,0
150526-1,0,0,0,0,0,0,0,0,0,0,0,0,0,0,0,0,0,0,0,0,0,0,0,0,0,0,0,0
150526-1,0,0,0,0,0,0,0,0,0,0,0,0,0,0,0,0,0,0,0,0,0,0,0,0,0,0,0,0
150603-2,0,0,0,0,0,0,0,0,0,0,0,0,0,0,0,0,0,0,0,0,0,0,0,0,0,0,0,0
150603-2,0,0,0,0,0,0,0,0,0,0,0,0,0,0,0,0,0,0,0,0,0,0,0,0,5.907804012,0.000477666,1.494177269,1.35816936
150603-2,0,0,0,0,0,0,0,0,0,0,0,0,0,0,0,0,0,0,0,0,0,0,0,0,0,0,0,0
150603-2,0,0,0,0,0,0,0,0,0,0,0,0,0,0,0,0,0,0,0,0,0,0,0,0,0,0,0,0
150603-2,1557.748535,1171.018555,1380.09786,155.2155113,0,0,0,0,0,0,0,0,0,0,0,0,0,0,0,0,0,0,0,0,0,0,0,0
150603-2,0,0,0,0,0,0,0,0,0,0,0,0,0,0,0,0,0,0,0,0,0,0,0,0,0,0,0,0
150603-2,0,0,0,0,0,0,0,0,0,0,0,0,0,0,0,0,0,0,0,0,0,0,0,0,0,0,0,0
150604-1,0,0,0,0,0,0,0,0,0,0,0,0,0,0,0,0,0,0,0,0,0,0,0,0,0,0,0,0
150604-1,0,0,0,0,0,0,0,0,0,0,0,0,0,0,0,0,0,0,0,0,0,0,0,0,4.545079231,0.015711732,1.315938254,1.197837298
150604-1,0,0,0,0,0,0,0,0,0,0,0,0,0,0,0,0,0,0,0,0,0,0,0,0,0,0,0,0
150604-1,0,0,0,0,0,0,0,0,0,0,0,0,0,0,0,0,0,0,0,0,0,0,0,0,0,0,0,0
150604-1,1503.548584,1344.253906,1400.944458,73.14876467,0,0,0,0,0,0,0,0,0,0,0,0,0,0,0,0,0,0,0,0,0,0,0,0
150604-1,0,0,0,0,0,0,0,0,0,0,0,0,0,0,0,0,0,0,0,0,0,0,0,0,0,0,0,0
150604-1,0,0,0,0,0,0,0,0,0,0,0,0,0,0,0,0,0,0,0,0,0,0,0,0,0,0,0,0
150604-2,0,0,0,0,0,0,0,0,0,0,0,0,0,0,0,0,0,0,0,0,0.975541294,0.942310274,0.960904873,0.009073088,0,0,0,0
150604-2,0,0,0,0,0,0,0,0,0,0,0,0,0,0,0,0,0,0,0,0,0,0,0,0,22.83374596,0.548150837,5.440591926,3.110576234
150604-2,0,0,0,0,21.70896912,0,1.036265507,3.692671297,0,0,0,0,0,0,0,0,0,0,0,0,0,0,0,0,0,0,0,0
150604-2,0,0,0,0,0,0,0,0,97.73219299,0,3.825469618,14.75468884,0,0,0,0,0,0,0,0,0,0,0,0,0,0,0,0
150604-2,1792.899414,1203.01355,1471.973066,164.6232411,0,0,0,0,0,0,0,0,0,0,0,0,0,0,0,0,0,0,0,0,0,0,0,0
150604-2,0,0,0,0,0,0,0,0,0,0,0,0,0,0,0,0,0,0,0,0,0,0,0,0,0,0,0,0
150604-2,0,0,0,0,0,0,0,0,0,0,0,0,0,0,0,0,0,0,0,0,0,0,0,0,0,0,0,0
150605-1,0,0,0,0,0,0,0,0,0,0,0,0,0,0,0,0,0,0,0,0,0,0,0,0,0,0,0,0
150605-1,0,0,0,0,0,0,0,0,0,0,0,0,0,0,0,0,0,0,0,0,0,0,0,0,4.044528008,0.96385479,2.389366329,0.768083876
150605-1,0,0,0,0,3.670104027,0,0.114690751,0.648788861,0,0,0,0,0,0,0,0,0,0,0,0,0,0,0,0,0,0,0,0
150605-1,0,0,0,0,0,0,0,0,12.09164619,0,0.778407097,2.870605505,0,0,0,0,0,0,0,0,0,0,0,0,0,0,0,0
150605-1,1539.10144,1224.485474,1383.892548,143.7644772,0,0,0,0,0,0,0,0,0,0,0,0,0,0,0,0,0,0,0,0,0,0,0,0
150605-1,0,0,0,0,0,0,0,0,0,0,0,0,0,0,0,0,0,0,0,0,0,0,0,0,0,0,0,0
150605-1,0,0,0,0,0,0,0,0,0,0,0,0,0,0,0,0,0,0,0,0,0,0,0,0,0,0,0,0
150605-2,0,0,0,0,0,0,0,0,0,0,0,0,0,0,0,0,0,0,0,0,0,0,0,0,0,0,0,0
150605-2,0,0,0,0,0,0,0,0,0,0,0,0,0,0,0,0,0,0,0,0,0,0,0,0,2.87630105,1.163317442,1.905814946,0.763369268
150605-2,0,0,0,0,0,0,0,0,0,0,0,0,0,0,0,0,0,0,0,0,0,0,0,0,0,0,0,0
150605-2,0,0,0,0,0,0,0,0,0,0,0,0,0,0,0,0,0,0,0,0,0,0,0,0,0,0,0,0
150605-2,1344.832886,1086.613037,1199.936483,131.9735249,0,0,0,0,0,0,0,0,0,0,0,0,0,0,0,0,0,0,0,0,0,0,0,0
150605-2,0,0,0,0,0,0,0,0,0,0,0,0,0,0,0,0,0,0,0,0,0,0,0,0,0,0,0,0
150605-2,0,0,0,0,0,0,0,0,0,0,0,0,0,0,0,0,0,0,0,0,0,0,0,0,0,0,0,0
150624-2,0,0,0,0,0,0,0,0,0,0,0,0,0,0,0,0,0,0,0,0,0,0,0,0,0,0,0,0
150624-2,0,0,0,0,0,0,0,0,0,0,0,0,0,0,0,0,0,0,0,0,0,0,0,0,8.002591133,0.274070621,1.74674869,1.677524757
150624-2,0,0,0,0,0,0,0,0,0,0,0,0,0,0,0,0,0,0,0,0,0,0,0,0,0,0,0,0
150624-2,0,0,0,0,0,0,0,0,0,0,0,0,0,0,0,0,0,0,0,0,0,0,0,0,0,0,0,0
150624-2,1682.790039,1512.143311,1585.530221,60.3716226,0,0,0,0,0,0,0,0,0,0,0,0,0,0,0,0,0,0,0,0,0,0,0,0
150624-2,0,0,0,0,0,0,0,0,0,0,0,0,0,0,0,0,0,0,0,0,0,0,0,0,0,0,0,0
150624-2,0,0,0,0,0,0,0,0,0,0,0,0,0,0,0,0,0,0,0,0,0,0,0,0,0,0,0,0
150625-2,0,0,0,0,0,0,0,0,0,0,0,0,0,0,0,0,0,0,0,0,0.967564583,0.939451039,0.956994776,0.00636231,0,0,0,0
150625-2,0,0,0,0,0,0,0,0,0,0,0,0,0,0,0,0,0,0,0,0,0,0,0,0,30.01986313,2.063160419,9.747153859,5.010529301
150625-2,0,0,0,0,142.0971832,0,11.33941052,22.29583535,0,0,0,0,0,0,0,0,0,0,0,0,0,0,0,0,0,0,0,0
150625-2,0,0,0,0,0,0,0,0,158.3447266,0,19.09217878,35.16746699,0,0,0,0,0,0,0,0,0,0,0,0,0,0,0,0
150625-2,1663.09021,1081.915649,1412.265411,151.570166,0,0,0,0,0,0,0,0,0,0,0,0,0,0,0,0,0,0,0,0,0,0,0,0
150625-2,0,0,0,0,0,0,0,0,0,0,0,0,0,0,0,0,0,0,0,0,0,0,0,0,0,0,0,0
150625-2,0,0,0,0,0,0,0,0,0,0,0,0,0,0,0,0,0,0,0,0,0,0,0,0,0,0,0,0
150627-1,0,0,0,0,0,0,0,0,0,0,0,0,0,0,0,0,0,0,0,0,0.999664247,0.968613446,0.991434568,0.006905117,0,0,0,0
150627-1,0,0,0,0,0,0,0,0,0,0,0,0,0,0,0,0,0,0,0,0,0,0,0,0,16.9855423,0.463098824,4.828857802,3.034552413
150627-1,0,0,0,0,173.9909668,0,4.565592382,16.24816298,0,0,0,0,0,0,0,0,0,0,0,0,0,0,0,0,0,0,0,0
150627-1,0,0,0,0,0,0,0,0,143.5517731,0,7.29152931,19.40414689,0,0,0,0,0,0,0,0,0,0,0,0,0,0,0,0
150627-1,1639.780273,1045.749023,1381.879499,191.5613786,0,0,0,0,0,0,0,0,0,0,0,0,0,0,0,0,0,0,0,0,0,0,0,0
150627-1,0,0,0,0,0,0,0,0,0,0,0,0,0,0,0,0,0,0,0,0,0,0,0,0,0,0,0,0
150627-1,0,0,0,0,0,0,0,0,0,0,0,0,0,0,0,0,0,0,0,0,0,0,0,0,0,0,0,0
150629-2,0,0,0,0,0,0,0,0,0,0,0,0,0,0,0,0,0,0,0,0,0,0,0,0,0,0,0,0
150629-2,0,0,0,0,0,0,0,0,0,0,0,0,0,0,0,0,0,0,0,0,0,0,0,0,0,0,0,0
150629-2,0,0,0,0,0,0,0,0,0,0,0,0,0,0,0,0,0,0,0,0,0,0,0,0,0,0,0,0
150629-2,0,0,0,0,0,0,0,0,0,0,0,0,0,0,0,0,0,0,0,0,0,0,0,0,0,0,0,0
150629-2,952.8719482,912.7722778,932.822113,28.35474887,0,0,0,0,0,0,0,0,0,0,0,0,0,0,0,0,0,0,0,0,0,0,0,0
150629-2,0,0,0,0,0,0,0,0,0,0,0,0,0,0,0,0,0,0,0,0,0,0,0,0,0,0,0,0
150629-2,0,0,0,0,0,0,0,0,0,0,0,0,0,0,0,0,0,0,0,0,0,0,0,0,0,0,0,0
150630-2,0,0,0,0,0,0,0,0,0,0,0,0,0,0,0,0,0,0,0,0,0.973245382,0.8951841,0.94273426,0.015531148,0,0,0,0
150630-2,0,0,0,0,0,0,0,0,0,0,0,0,0,0,0,0,0,0,0,0,0,0,0,0,48.90393829,0.791695237,13.63790717,6.393113615
150630-2,0,0,0,0,86.74678802,0,4.031095943,14.60402497,0,0,0,0,0,0,0,0,0,0,0,0,0,0,0,0,0,0,0,0
150630-2,0,0,0,0,0,0,0,0,48.5294075,0,3.394616747,8.48033135,0,0,0,0,0,0,0,0,0,0,0,0,0,0,0,0
150630-2,1495.946777,906.3439941,1141.336578,252.4835908,0,0,0,0,0,0,0,0,0,0,0,0,0,0,0,0,0,0,0,0,0,0,0,0
150630-2,0,0,0,0,0,0,0,0,0,0,0,0,0,0,0,0,0,0,0,0,0,0,0,0,0,0,0,0
150630-2,0,0,0,0,0,0,0,0,0,0,0,0,0,0,0,0,0,0,0,0,0,0,0,0,0,0,0,0
150701-2,0,0,0,0,0,0,0,0,0,0,0,0,0,0,0,0,0,0,0,0,0.971087456,0.813991845,0.923407396,0.035291904,0,0,0,0
150701-2,0,0,0,0,0,0,0,0,0,0,0,0,0,0,0,0,0,0,0,0,0,0,0,0,62.39384079,3.267881393,21.42004728,10.54624787
150701-2,0,0,0,0,168.6208191,0,4.187998568,16.06734896,0,0,0,0,0,0,0,0,0,0,0,0,0,0,0,0,0,0,0,0
150701-2,0,0,0,0,0,0,0,0,62.54220581,0,4.046159509,11.12964943,0,0,0,0,0,0,0,0,0,0,0,0,0,0,0,0
150701-2,1176.445557,836.6248779,1009.477783,142.2139352,0,0,0,0,0,0,0,0,0,0,0,0,0,0,0,0,0,0,0,0,0,0,0,0
150701-2,0,0,0,0,0,0,0,0,0,0,0,0,0,0,0,0,0,0,0,0,0,0,0,0,0,0,0,0
150701-2,0,0,0,0,0,0,0,0,0,0,0,0,0,0,0,0,0,0,0,0,0,0,0,0,0,0,0,0
150702-1,0,0,0,0,0,0,0,0,0,0,0,0,0,0,0,0,0,0,0,0,1.18881309,0.860004246,0.933973407,0.036774552,0,0,0,0
150702-1,0,0,0,0,0,0,0,0,0,0,0,0,0,0,0,0,0,0,0,0,0,0,0,0,112.4023895,2.207754374,22.06397044,12.38321691
150702-1,0,0,0,0,132.7858734,0,1.449203028,9.2166279,0,0,0,0,0,0,0,0,0,0,0,0,0,0,0,0,0,0,0,0
150702-1,0,0,0,0,0,0,0,0,90,0,2.349487898,8.551901391,0,0,0,0,0,0,0,0,0,0,0,0,0,0,0,0
150702-1,1221.766113,831.0807495,1087.898718,158.6179174,0,0,0,0,0,0,0,0,0,0,0,0,0,0,0,0,0,0,0,0,0,0,0,0
150702-1,0,0,0,0,0,0,0,0,0,0,0,0,0,0,0,0,0,0,0,0,0,0,0,0,0,0,0,0
150702-1,0,0,0,0,0,0,0,0,0,0,0,0,0,0,0,0,0,0,0,0,0,0,0,0,0,0,0,0
150702-2,0,0,0,0,0,0,0,0,0,0,0,0,0,0,0,0,0,0,0,0,0,0,0,0,0,0,0,0
150702-2,0,0,0,0,0,0,0,0,0,0,0,0,0,0,0,0,0,0,0,0,0,0,0,0,61.50282669,7.05217123,14.45876245,12.01681101
150702-2,0,0,0,0,11.28034306,0,0.376986364,1.863189909,0,0,0,0,0,0,0,0,0,0,0,0,0,0,0,0,0,0,0,0
150702-2,0,0,0,0,0,0,0,0,36.21883774,0,1.575864583,5.987508769,0,0,0,0,0,0,0,0,0,0,0,0,0,0,0,0
150702-2,1298.187744,929.1296387,1128.195374,191.4503635,0,0,0,0,0,0,0,0,0,0,0,0,0,0,0,0,0,0,0,0,0,0,0,0
150702-2,0,0,0,0,0,0,0,0,0,0,0,0,0,0,0,0,0,0,0,0,0,0,0,0,0,0,0,0
150702-2,0,0,0,0,0,0,0,0,0,0,0,0,0,0,0,0,0,0,0,0,0,0,0,0,0,0,0,0
150703-1,0,0,0,0,0,0,0,0,0,0,0,0,0,0,0,0,0,0,0,0,0,0,0,0,0,0,0,0
150703-1,0,0,0,0,0,0,0,0,0,0,0,0,0,0,0,0,0,0,0,0,0,0,0,0,27.09543991,18.03172684,22.56358337,6.409012977
150703-1,0,0,0,0,0,0,0,0,0,0,0,0,0,0,0,0,0,0,0,0,0,0,0,0,0,0,0,0
150703-1,0,0,0,0,0,0,0,0,0,0,0,0,0,0,0,0,0,0,0,0,0,0,0,0,0,0,0,0
150703-1,1110.335815,1110.335815,1110.335815,0,0,0,0,0,0,0,0,0,0,0,0,0,0,0,0,0,0,0,0,0,0,0,0,0
150703-1,0,0,0,0,0,0,0,0,0,0,0,0,0,0,0,0,0,0,0,0,0,0,0,0,0,0,0,0
150703-1,0,0,0,0,0,0,0,0,0,0,0,0,0,0,0,0,0,0,0,0,0,0,0,0,0,0,0,0
150706-2,0,0,0,0,0,0,0,0,0,0,0,0,0,0,0,0,0,0,0,0,0.976156116,0.933747113,0.959300515,0.00756728,0,0,0,0
150706-2,0,0,0,0,0,0,0,0,0,0,0,0,0,0,0,0,0,0,0,0,0,0,0,0,59.5421257,0.937933922,9.330028317,6.024167784
150706-2,0,0,0,0,34.40684509,0,1.561900823,6.154350707,0,0,0,0,0,0,0,0,0,0,0,0,0,0,0,0,0,0,0,0
150706-2,0,0,0,0,0,0,0,0,90,0,4.85641935,14.16285057,0,0,0,0,0,0,0,0,0,0,0,0,0,0,0,0
150706-2,1201.39563,919.5316772,1036.730481,108.2754164,0,0,0,0,0,0,0,0,0,0,0,0,0,0,0,0,0,0,0,0,0,0,0,0
150706-2,0,0,0,0,0,0,0,0,0,0,0,0,0,0,0,0,0,0,0,0,0,0,0,0,0,0,0,0
150706-2,0,0,0,0,0,0,0,0,0,0,0,0,0,0,0,0,0,0,0,0,0,0,0,0,0,0,0,0
150707-1,0,0,0,0,0,0,0,0,0,0,0,0,0,0,0,0,0,0,0,0,0.992116988,0.864717484,0.953726461,0.013429657,0,0,0,0
150707-1,0,0,0,0,0,0,0,0,0,0,0,0,0,0,0,0,0,0,0,0,0,0,0,0,34.94384384,0.985673368,9.665585803,5.706402866
150707-1,0,0,0,0,28.96535683,0,1.192868517,4.332635351,0,0,0,0,0,0,0,0,0,0,0,0,0,0,0,0,0,0,0,0
150707-1,0,0,0,0,0,0,0,0,89.87283325,0,4.497465714,12.65213813,0,0,0,0,0,0,0,0,0,0,0,0,0,0,0,0
150707-1,1148.300537,800.0823364,984.9369385,136.5489505,0,0,0,0,0,0,0,0,0,0,0,0,0,0,0,0,0,0,0,0,0,0,0,0
150707-1,0,0,0,0,0,0,0,0,0,0,0,0,0,0,0,0,0,0,0,0,0,0,0,0,0,0,0,0
150707-1,0,0,0,0,0,0,0,0,0,0,0,0,0,0,0,0,0,0,0,0,0,0,0,0,0,0,0,0
150707-2,0,0,0,0,0,0,0,0,0,0,0,0,0,0,0,0,0,0,0,0,0.971009016,0.910907805,0.942909203,0.011956443,0,0,0,0
150707-2,0,0,0,0,0,0,0,0,0,0,0,0,0,0,0,0,0,0,0,0,0,0,0,0,35.14733124,1.896865964,9.76030309,5.254290544
150707-2,0,0,0,0,131.8820801,0,11.95276541,24.62697646,0,0,0,0,0,0,0,0,0,0,0,0,0,0,0,0,0,0,0,0
150707-2,0,0,0,0,0,0,0,0,158.1289673,0,19.18650088,30.09728172,0,0,0,0,0,0,0,0,0,0,0,0,0,0,0,0
150707-2,1632.723999,915.298645,1257.708988,207.0287648,0,0,0,0,0,0,0,0,0,0,0,0,0,0,0,0,0,0,0,0,0,0,0,0
150707-2,0,0,0,0,0,0,0,0,0,0,0,0,0,0,0,0,0,0,0,0,0,0,0,0,0,0,0,0
150707-2,0,0,0,0,0,0,0,0,0,0,0,0,0,0,0,0,0,0,0,0,0,0,0,0,0,0,0,0
150708-1,0,0,0,0,0,0,0,0,0,0,0,0,0,0,0,0,0,0,0,0,0.970334709,0.910168171,0.944911253,0.012044171,0,0,0,0
150708-1,0,0,0,0,0,0,0,0,0,0,0,0,0,0,0,0,0,0,0,0,0,0,0,0,25.84292793,0.560590744,10.07662063,4.445034263
150708-1,0,0,0,0,27.21556091,0,2.554042416,6.922928825,0,0,0,0,0,0,0,0,0,0,0,0,0,0,0,0,0,0,0,0
150708-1,0,0,0,0,0,0,0,0,84.7754364,0,8.501182187,21.27823234,0,0,0,0,0,0,0,0,0,0,0,0,0,0,0,0
150708-1,1668.83313,1136.457642,1387.753163,212.1230065,0,0,0,0,0,0,0,0,0,0,0,0,0,0,0,0,0,0,0,0,0,0,0,0
150708-1,0,0,0,0,0,0,0,0,0,0,0,0,0,0,0,0,0,0,0,0,0,0,0,0,0,0,0,0
150708-1,0,0,0,0,0,0,0,0,0,0,0,0,0,0,0,0,0,0,0,0,0,0,0,0,0,0,0,0
150708-2,0,0,0,0,0,0,0,0,0,0,0,0,0,0,0,0,0,0,0,0,0,0,0,0,0,0,0,0
150708-2,0,0,0,0,0,0,0,0,0,0,0,0,0,0,0,0,0,0,0,0,0,0,0,0,12.01474476,1.131363153,4.720079352,2.292954334
150708-2,0,0,0,0,0,0,0,0,0,0,0,0,0,0,0,0,0,0,0,0,0,0,0,0,0,0,0,0
150708-2,0,0,0,0,0,0,0,0,0,0,0,0,0,0,0,0,0,0,0,0,0,0,0,0,0,0,0,0
150708-2,1301.811035,1301.811035,1301.811035,0,0,0,0,0,0,0,0,0,0,0,0,0,0,0,0,0,0,0,0,0,0,0,0,0
150708-2,0,0,0,0,0,0,0,0,0,0,0,0,0,0,0,0,0,0,0,0,0,0,0,0,0,0,0,0
150708-2,0,0,0,0,0,0,0,0,0,0,0,0,0,0,0,0,0,0,0,0,0,0,0,0,0,0,0,0
150709-1,0,0,0,0,0,0,0,0,0,0,0,0,0,0,0,0,0,0,0,0,0,0,0,0,0,0,0,0
150709-1,0,0,0,0,0,0,0,0,0,0,0,0,0,0,0,0,0,0,0,0,0,0,0,0,17.27752113,0.485218525,4.587053392,2.878480661
150709-1,0,0,0,0,0,0,0,0,0,0,0,0,0,0,0,0,0,0,0,0,0,0,0,0,0,0,0,0
150709-1,0,0,0,0,0,0,0,0,9.679039001,0,1.382719857,3.658332875,0,0,0,0,0,0,0,0,0,0,0,0,0,0,0,0
150709-1,1380.549683,1380.549683,1380.549683,0,0,0,0,0,0,0,0,0,0,0,0,0,0,0,0,0,0,0,0,0,0,0,0,0
150709-1,0,0,0,0,0,0,0,0,0,0,0,0,0,0,0,0,0,0,0,0,0,0,0,0,0,0,0,0
150709-1,0,0,0,0,0,0,0,0,0,0,0,0,0,0,0,0,0,0,0,0,0,0,0,0,0,0,0,0
150709-2,0,0,0,0,0,0,0,0,0,0,0,0,0,0,0,0,0,0,0,0,0.988824546,0.895494342,0.963709566,0.015418875,0,0,0,0
150709-2,0,0,0,0,0,0,0,0,0,0,0,0,0,0,0,0,0,0,0,0,0,0,0,0,33.07871246,1.069978118,10.88606029,5.168244675
150709-2,0,0,0,0,101.5518723,0,3.623876808,13.5868544,0,0,0,0,0,0,0,0,0,0,0,0,0,0,0,0,0,0,0,0
150709-2,0,0,0,0,0,0,0,0,90,0,7.340376495,16.46013767,0,0,0,0,0,0,0,0,0,0,0,0,0,0,0,0
150709-2,1544.050903,968.1664429,1292.751841,203.9686002,0,0,0,0,0,0,0,0,0,0,0,0,0,0,0,0,0,0,0,0,0,0,0,0
150709-2,0,0,0,0,0,0,0,0,0,0,0,0,0,0,0,0,0,0,0,0,0,0,0,0,0,0,0,0
150709-2,0,0,0,0,0,0,0,0,0,0,0,0,0,0,0,0,0,0,0,0,0,0,0,0,0,0,0,0
150710-1,0,0,0,0,0,0,0,0,0,0,0,0,0,0,0,0,0,0,0,0,0.9908095,0.919629514,0.964759219,0.011364413,0,0,0,0
150710-1,0,0,0,0,0,0,0,0,0,0,0,0,0,0,0,0,0,0,0,0,0,0,0,0,34.34202194,1.632205963,11.08655519,5.159583056
150710-1,0,0,0,0,105.3613281,0,4.661051205,15.98181076,0,0,0,0,0,0,0,0,0,0,0,0,0,0,0,0,0,0,0,0
150710-1,0,0,0,0,0,0,0,0,90,0,6.357180573,16.58257341,0,0,0,0,0,0,0,0,0,0,0,0,0,0,0,0
150710-1,1568.239624,1123.872803,1409.247876,167.8988582,0,0,0,0,0,0,0,0,0,0,0,0,0,0,0,0,0,0,0,0,0,0,0,0
150710-1,0,0,0,0,0,0,0,0,0,0,0,0,0,0,0,0,0,0,0,0,0,0,0,0,0,0,0,0
150710-1,0,0,0,0,0,0,0,0,0,0,0,0,0,0,0,0,0,0,0,0,0,0,0,0,0,0,0,0
150710-2,0,0,0,0,0,0,0,0,0,0,0,0,0,0,0,0,0,0,0,0,0,0,0,0,0,0,0,0
150710-2,0,0,0,0,0,0,0,0,0,0,0,0,0,0,0,0,0,0,0,0,0,0,0,0,33.57567215,4.143752575,16.09767098,5.459576552
150710-2,0,0,0,0,27.51012039,0,1.329736632,4.878240908,0,0,0,0,0,0,0,0,0,0,0,0,0,0,0,0,0,0,0,0
150710-2,0,0,0,0,0,0,0,0,40.67344284,0,1.650051297,6.995019082,0,0,0,0,0,0,0,0,0,0,0,0,0,0,0,0
150710-2,1434.991821,1106.735718,1259.073986,100.4681566,0,0,0,0,0,0,0,0,0,0,0,0,0,0,0,0,0,0,0,0,0,0,0,0
150710-2,0,0,0,0,0,0,0,0,0,0,0,0,0,0,0,0,0,0,0,0,0,0,0,0,0,0,0,0
150710-2,0,0,0,0,0,0,0,0,0,0,0,0,0,0,0,0,0,0,0,0,0,0,0,0,0,0,0,0
150711-1,0,0,0,0,0,0,0,0,0,0,0,0,0,0,0,0,0,0,0,0,0,0,0,0,0,0,0,0
150711-1,0,0,0,0,0,0,0,0,0,0,0,0,0,0,0,0,0,0,0,0,0,0,0,0,57.83347702,3.98380971,16.81368271,7.574619357
150711-1,0,0,0,0,5.601058006,0,0.384363532,1.139816809,0,0,0,0,0,0,0,0,0,0,0,0,0,0,0,0,0,0,0,0
150711-1,0,0,0,0,0,0,0,0,87.28524017,0,4.995991325,17.63094831,0,0,0,0,0,0,0,0,0,0,0,0,0,0,0,0
150711-1,1936.76001,1275.501343,1386.874234,189.2632542,0,0,0,0,0,0,0,0,0,0,0,0,0,0,0,0,0,0,0,0,0,0,0,0
150711-1,0,0,0,0,0,0,0,0,0,0,0,0,0,0,0,0,0,0,0,0,0,0,0,0,0,0,0,0
150711-1,0,0,0,0,0,0,0,0,0,0,0,0,0,0,0,0,0,0,0,0,0,0,0,0,0,0,0,0
150713-2,0,0,0,0,0,0,0,0,0,0,0,0,0,0,0,0,0,0,0,0,0,0,0,0,0,0,0,0
150713-2,0,0,0,0,0,0,0,0,0,0,0,0,0,0,0,0,0,0,0,0,0,0,0,0,11.21804142,5.872693062,8.095654517,1.568845605
150713-2,0,0,0,0,27.67693329,0,1.826113224,6.234951413,0,0,0,0,0,0,0,0,0,0,0,0,0,0,0,0,0,0,0,0
150713-2,0,0,0,0,0,0,0,0,70.34810638,0,7.024006557,20.85541659,0,0,0,0,0,0,0,0,0,0,0,0,0,0,0,0
150713-2,1539.556641,827.154541,993.7300023,188.3919829,0,0,0,0,0,0,0,0,0,0,0,0,0,0,0,0,0,0,0,0,0,0,0,0
150713-2,0,0,0,0,0,0,0,0,0,0,0,0,0,0,0,0,0,0,0,0,0,0,0,0,0,0,0,0
150713-2,0,0,0,0,0,0,0,0,0,0,0,0,0,0,0,0,0,0,0,0,0,0,0,0,0,0,0,0
150715-2,0,0,0,0,0,0,0,0,0,0,0,0,0,0,0,0,0,0,0,0,0,0,0,0,0,0,0,0
150715-2,0,0,0,0,0,0,0,0,0,0,0,0,0,0,0,0,0,0,0,0,0,0,0,0,11.40435219,5.588693142,8.828364762,1.642572465
150715-2,0,0,0,0,35.741642,0,3.926802982,9.347915484,0,0,0,0,0,0,0,0,0,0,0,0,0,0,0,0,0,0,0,0
150715-2,0,0,0,0,0,0,0,0,33.43409729,0,2.226796714,7.396339871,0,0,0,0,0,0,0,0,0,0,0,0,0,0,0,0
150715-2,1585.609619,906.505127,1093.494191,167.4495336,0,0,0,0,0,0,0,0,0,0,0,0,0,0,0,0,0,0,0,0,0,0,0,0
150715-2,0,0,0,0,0,0,0,0,0,0,0,0,0,0,0,0,0,0,0,0,0,0,0,0,0,0,0,0
150715-2,0,0,0,0,0,0,0,0,0,0,0,0,0,0,0,0,0,0,0,0,0,0,0,0,0,0,0,0
150716-1,0,0,0,0,0,0,0,0,0,0,0,0,0,0,0,0,0,0,0,0,0.971844971,0.965939879,0.968892425,0.00417553,0,0,0,0
150716-1,0,0,0,0,0,0,0,0,0,0,0,0,0,0,0,0,0,0,0,0,0,0,0,0,25.00278282,3.028229952,10.26593355,4.951189339
150716-1,0,0,0,0,0,0,0,0,0,0,0,0,0,0,0,0,0,0,0,0,0,0,0,0,0,0,0,0
150716-1,0,0,0,0,0,0,0,0,0,0,0,0,0,0,0,0,0,0,0,0,0,0,0,0,0,0,0,0
150716-1,1474.02478,937.6596069,1116.770208,203.4857633,0,0,0,0,0,0,0,0,0,0,0,0,0,0,0,0,0,0,0,0,0,0,0,0
150716-1,0,0,0,0,0,0,0,0,0,0,0,0,0,0,0,0,0,0,0,0,0,0,0,0,0,0,0,0
150716-1,0,0,0,0,0,0,0,0,0,0,0,0,0,0,0,0,0,0,0,0,0,0,0,0,0,0,0,0
150716-2,0,0,0,0,0,0,0,0,0,0,0,0,0,0,0,0,0,0,0,0,0.994086623,0.900164127,0.950909703,0.024390648,0,0,0,0
150716-2,0,0,0,0,0,0,0,0,0,0,0,0,0,0,0,0,0,0,0,0,0,0,0,0,51.8856926,2.23375845,13.76180225,6.379819404
150716-2,0,0,0,0,158.5993347,0,4.083598735,18.31013107,0,0,0,0,0,0,0,0,0,0,0,0,0,0,0,0,0,0,0,0
150716-2,0,0,0,0,0,0,0,0,90,0,4.878175377,14.98495668,0,0,0,0,0,0,0,0,0,0,0,0,0,0,0,0
150716-2,1502.3927,918.9683228,1098.146313,232.7784274,0,0,0,0,0,0,0,0,0,0,0,0,0,0,0,0,0,0,0,0,0,0,0,0
150716-2,0,0,0,0,0,0,0,0,0,0,0,0,0,0,0,0,0,0,0,0,0,0,0,0,0,0,0,0
150716-2,0,0,0,0,0,0,0,0,0,0,0,0,0,0,0,0,0,0,0,0,0,0,0,0,0,0,0,0
150717-1,0,0,0,0,0,0,0,0,0,0,0,0,0,0,0,0,0,0,0,0,0.995682418,0.840395927,0.945936422,0.027325421,0,0,0,0
150717-1,0,0,0,0,0,0,0,0,0,0,0,0,0,0,0,0,0,0,0,0,0,0,0,0,36.14165878,1.73052597,13.13592198,5.587966055
150717-1,0,0,0,0,142.8277893,0,3.650767914,19.63882424,0,0,0,0,0,0,0,0,0,0,0,0,0,0,0,0,0,0,0,0
150717-1,0,0,0,0,0,0,0,0,90,0,3.709128167,12.2697967,0,0,0,0,0,0,0,0,0,0,0,0,0,0,0,0
150717-1,1066.308228,908.8760986,992.4747162,65.66513539,0,0,0,0,0,0,0,0,0,0,0,0,0,0,0,0,0,0,0,0,0,0,0,0
150717-1,0,0,0,0,0,0,0,0,0,0,0,0,0,0,0,0,0,0,0,0,0,0,0,0,0,0,0,0
150717-1,0,0,0,0,0,0,0,0,0,0,0,0,0,0,0,0,0,0,0,0,0,0,0,0,0,0,0,0
150717-2,0,0,0,0,0,0,0,0,0,0,0,0,0,0,0,0,0,0,0,0,0,0,0,0,0,0,0,0
150717-2,0,0,0,0,0,0,0,0,0,0,0,0,0,0,0,0,0,0,0,0,0,0,0,0,1.718234897,0.001915141,0.873859671,0.465702929
150717-2,0,0,0,0,0,0,0,0,0,0,0,0,0,0,0,0,0,0,0,0,0,0,0,0,0,0,0,0
150717-2,0,0,0,0,0,0,0,0,20.11312485,0,3.470124284,5.77599434,0,0,0,0,0,0,0,0,0,0,0,0,0,0,0,0
150717-2,1404.591187,1167.75708,1279.52793,94.97033632,0,0,0,0,0,0,0,0,0,0,0,0,0,0,0,0,0,0,0,0,0,0,0,0
150717-2,0,0,0,0,0,0,0,0,0,0,0,0,0,0,0,0,0,0,0,0,0,0,0,0,0,0,0,0
150717-2,0,0,0,0,0,0,0,0,0,0,0,0,0,0,0,0,0,0,0,0,0,0,0,0,0,0,0,0
150721-1,0,0,0,0,0,0,0,0,0,0,0,0,0,0,0,0,0,0,0,0,0.99513644,0.931693435,0.968488872,0.026626921,0,0,0,0
150721-1,0,0,0,0,0,0,0,0,0,0,0,0,0,0,0,0,0,0,0,0,0,0,0,0,76.45075226,4.016212463,12.52611678,15.48834325
150721-1,0,0,0,0,0,0,0,0,0,0,0,0,0,0,0,0,0,0,0,0,0,0,0,0,0,0,0,0
150721-1,0,0,0,0,0,0,0,0,0,0,0,0,0,0,0,0,0,0,0,0,0,0,0,0,0,0,0,0
150721-1,0,0,0,0,0,0,0,0,0,0,0,0,0,0,0,0,0,0,0,0,0,0,0,0,0,0,0,0
150721-1,0,0,0,0,0,0,0,0,0,0,0,0,0,0,0,0,0,0,0,0,0,0,0,0,0,0,0,0
150721-1,0,0,0,0,0,0,0,0,0,0,0,0,0,0,0,0,0,0,0,0,0,0,0,0,0,0,0,0
150722-2,0,0,0,0,0,0,0,0,0,0,0,0,0,0,0,0,0,0,0,0,0.986493587,0.938268423,0.964464834,0.013862297,0,0,0,0
150722-2,0,0,0,0,0,0,0,0,0,0,0,0,0,0,0,0,0,0,0,0,0,0,0,0,10.67807674,2.219949245,7.286146419,2.364530338
150722-2,0,0,0,0,1.072807312,0,0.134100914,0.379294663,0,0,0,0,0,0,0,0,0,0,0,0,0,0,0,0,0,0,0,0
150722-2,0,0,0,0,0,0,0,0,14.43057251,0,1.803821564,5.101977839,0,0,0,0,0,0,0,0,0,0,0,0,0,0,0,0
150722-2,0,0,0,0,0,0,0,0,0,0,0,0,0,0,0,0,0,0,0,0,0,0,0,0,0,0,0,0
150722-2,0,0,0,0,0,0,0,0,0,0,0,0,0,0,0,0,0,0,0,0,0,0,0,0,0,0,0,0
150722-2,0,0,0,0,0,0,0,0,0,0,0,0,0,0,0,0,0,0,0,0,0,0,0,0,0,0,0,0
150728-2,0,0,0,0,0,0,0,0,0,0,0,0,0,0,0,0,0,0,0,0,0,0,0,0,0,0,0,0
150728-2,0,0,0,0,0,0,0,0,0,0,0,0,0,0,0,0,0,0,0,0,0,0,0,0,13.12875938,0.904179275,4.834266472,2.577239042
150728-2,0,0,0,0,50.89719009,0,4.645656761,9.404205614,0,0,0,0,0,0,0,0,0,0,0,0,0,0,0,0,0,0,0,0
150728-2,0,0,0,0,0,0,0,0,74.55416107,0,6.074435179,14.21729015,0,0,0,0,0,0,0,0,0,0,0,0,0,0,0,0
150728-2,1712.662842,1280.76001,1480.434554,115.6179395,0,0,0,0,0,0,0,0,0,0,0,0,0,0,0,0,0,0,0,0,0,0,0,0
150728-2,0,0,0,0,0,0,0,0,0,0,0,0,0,0,0,0,0,0,0,0,0,0,0,0,0,0,0,0
150728-2,0,0,0,0,0,0,0,0,0,0,0,0,0,0,0,0,0,0,0,0,0,0,0,0,0,0,0,0
150729-1,0,0,0,0,0,0,0,0,0,0,0,0,0,0,0,0,0,0,0,0,0.996694028,0.970419407,0.988252076,0.006053191,0,0,0,0
150729-1,0,0,0,0,0,0,0,0,0,0,0,0,0,0,0,0,0,0,0,0,0,0,0,0,14.53275585,0.468151122,4.989966308,2.663117149
150729-1,0,0,0,0,27.41277504,0,1.605152293,5.355222119,0,0,0,0,0,0,0,0,0,0,0,0,0,0,0,0,0,0,0,0
150729-1,0,0,0,0,0,0,0,0,83.71369934,0,15.68555899,27.50693053,0,0,0,0,0,0,0,0,0,0,0,0,0,0,0,0
150729-1,1621.123169,1040.116455,1384.563878,113.6941334,0,0,0,0,0,0,0,0,0,0,0,0,0,0,0,0,0,0,0,0,0,0,0,0
150729-1,0,0,0,0,0,0,0,0,0,0,0,0,0,0,0,0,0,0,0,0,0,0,0,0,0,0,0,0
150729-1,0,0,0,0,0,0,0,0,0,0,0,0,0,0,0,0,0,0,0,0,0,0,0,0,0,0,0,0
150729-2,0,0,0,0,0,0,0,0,0,0,0,0,0,0,0,0,0,0,0,0,0,0,0,0,0,0,0,0
150729-2,0,0,0,0,0,0,0,0,0,0,0,0,0,0,0,0,0,0,0,0,0,0,0,0,18.70493889,0.103837453,4.288168202,4.415169029
150729-2,0,0,0,0,0.644361496,0,0.013709819,0.093989784,0,0,0,0,0,0,0,0,0,0,0,0,0,0,0,0,0,0,0,0
150729-2,0,0,0,0,0,0,0,0,19.35617828,0,1.665677375,4.452516617,0,0,0,0,0,0,0,0,0,0,0,0,0,0,0,0
150729-2,1450.313477,959.7498779,1280.733724,180.3176296,0,0,0,0,0,0,0,0,0,0,0,0,0,0,0,0,0,0,0,0,0,0,0,0
150729-2,0,0,0,0,0,0,0,0,0,0,0,0,0,0,0,0,0,0,0,0,0,0,0,0,0,0,0,0
150729-2,0,0,0,0,0,0,0,0,0,0,0,0,0,0,0,0,0,0,0,0,0,0,0,0,0,0,0,0
150730-1,0,0,0,0,0,0,0,0,0,0,0,0,0,0,0,0,0,0,0,0,0,0,0,0,0,0,0,0
150730-1,0,0,0,0,0,0,0,0,0,0,0,0,0,0,0,0,0,0,0,0,0,0,0,0,15.78618717,0.02180719,3.319326224,3.708022385
150730-1,0,0,0,0,12.33232594,0,0.246646519,1.744054259,0,0,0,0,0,0,0,0,0,0,0,0,0,0,0,0,0,0,0,0
150730-1,0,0,0,0,0,0,0,0,28.62322998,0,1.109079113,4.392172543,0,0,0,0,0,0,0,0,0,0,0,0,0,0,0,0
150730-1,1454.683105,1121.64856,1362.906331,128.9727807,0,0,0,0,0,0,0,0,0,0,0,0,0,0,0,0,0,0,0,0,0,0,0,0
150730-1,0,0,0,0,0,0,0,0,0,0,0,0,0,0,0,0,0,0,0,0,0,0,0,0,0,0,0,0
150730-1,0,0,0,0,0,0,0,0,0,0,0,0,0,0,0,0,0,0,0,0,0,0,0,0,0,0,0,0
150730-2,0,0,0,0,0,0,0,0,0,0,0,0,0,0,0,0,0,0,0,0,0,0,0,0,0,0,0,0
150730-2,0,0,0,0,0,0,0,0,0,0,0,0,0,0,0,0,0,0,0,0,0,0,0,0,0,0,0,0
150730-2,0,0,0,0,0,0,0,0,0,0,0,0,0,0,0,0,0,0,0,0,0,0,0,0,0,0,0,0
150730-2,0,0,0,0,0,0,0,0,0,0,0,0,0,0,0,0,0,0,0,0,0,0,0,0,0,0,0,0
150730-2,1624.852783,1035.97937,1406.963555,183.7323142,0,0,0,0,0,0,0,0,0,0,0,0,0,0,0,0,0,0,0,0,0,0,0,0
150730-2,0,0,0,0,0,0,0,0,0,0,0,0,0,0,0,0,0,0,0,0,0,0,0,0,0,0,0,0
150730-2,0,0,0,0,0,0,0,0,0,0,0,0,0,0,0,0,0,0,0,0,0,0,0,0,0,0,0,0
150731-1,0,0,0,0,0,0,0,0,0,0,0,0,0,0,0,0,0,0,0,0,0,0,0,0,0,0,0,0
150731-1,0,0,0,0,0,0,0,0,0,0,0,0,0,0,0,0,0,0,0,0,0,0,0,0,0,0,0,0
150731-1,0,0,0,0,0,0,0,0,0,0,0,0,0,0,0,0,0,0,0,0,0,0,0,0,0,0,0,0
150731-1,0,0,0,0,0,0,0,0,0,0,0,0,0,0,0,0,0,0,0,0,0,0,0,0,0,0,0,0
150731-1,1192.568359,1001.947998,1097.258179,134.7889501,0,0,0,0,0,0,0,0,0,0,0,0,0,0,0,0,0,0,0,0,0,0,0,0
150731-1,0,0,0,0,0,0,0,0,0,0,0,0,0,0,0,0,0,0,0,0,0,0,0,0,0,0,0,0
150731-1,0,0,0,0,0,0,0,0,0,0,0,0,0,0,0,0,0,0,0,0,0,0,0,0,0,0,0,0
150731-2,0,0,0,0,0,0,0,0,0,0,0,0,0,0,0,0,0,0,0,0,0,0,0,0,0,0,0,0
150731-2,0,0,0,0,0,0,0,0,0,0,0,0,0,0,0,0,0,0,0,0,0,0,0,0,15.52477741,2.895485401,6.619734665,2.062409401
150731-2,0,0,0,0,20.08418846,0,3.347364744,8.199335605,0,0,0,0,0,0,0,0,0,0,0,0,0,0,0,0,0,0,0,0
150731-2,0,0,0,0,0,0,0,0,0,0,0,0,0,0,0,0,0,0,0,0,0,0,0,0,0,0,0,0
150731-2,1688.479248,1088.522217,1285.302791,144.2745855,0,0,0,0,0,0,0,0,0,0,0,0,0,0,0,0,0,0,0,0,0,0,0,0
150731-2,0,0,0,0,0,0,0,0,0,0,0,0,0,0,0,0,0,0,0,0,0,0,0,0,0,0,0,0
150731-2,0,0,0,0,0,0,0,0,0,0,0,0,0,0,0,0,0,0,0,0,0,0,0,0,0,0,0,0
150801-1,0,0,0,0,0,0,0,0,0,0,0,0,0,0,0,0,0,0,0,0,0,0,0,0,0,0,0,0
150801-1,0,0,0,0,0,0,0,0,0,0,0,0,0,0,0,0,0,0,0,0,0,0,0,0,10.09068012,3.525268316,6.562386264,1.620007223
150801-1,0,0,0,0,49.99772263,0,1.535958555,8.354465239,0,0,0,0,0,0,0,0,0,0,0,0,0,0,0,0,0,0,0,0
150801-1,0,0,0,0,0,0,0,0,24.89493179,0,0.868126763,4.198396433,0,0,0,0,0,0,0,0,0,0,0,0,0,0,0,0
150801-1,1636.191284,1160.420166,1322.23042,141.0697724,0,0,0,0,0,0,0,0,0,0,0,0,0,0,0,0,0,0,0,0,0,0,0,0
150801-1,0,0,0,0,0,0,0,0,0,0,0,0,0,0,0,0,0,0,0,0,0,0,0,0,0,0,0,0
150801-1,0,0,0,0,0,0,0,0,0,0,0,0,0,0,0,0,0,0,0,0,0,0,0,0,0,0,0,0
150803-2,0,0,0,0,0,0,0,0,0,0,0,0,0,0,0,0,0,0,0,0,0,0,0,0,0,0,0,0
150803-2,0,0,0,0,0,0,0,0,0,0,0,0,0,0,0,0,0,0,0,0,0,0,0,0,23.18949699,0.565514863,6.007115133,3.611249336
150803-2,0,0,0,0,0,0,0,0,0,0,0,0,0,0,0,0,0,0,0,0,0,0,0,0,0,0,0,0
150803-2,0,0,0,0,0,0,0,0,0,0,0,0,0,0,0,0,0,0,0,0,0,0,0,0,0,0,0,0
150803-2,1347.792358,1347.792358,1347.792358,0,0,0,0,0,0,0,0,0,0,0,0,0,0,0,0,0,0,0,0,0,0,0,0,0
150803-2,0,0,0,0,0,0,0,0,0,0,0,0,0,0,0,0,0,0,0,0,0,0,0,0,0,0,0,0
150803-2,0,0,0,0,0,0,0,0,0,0,0,0,0,0,0,0,0,0,0,0,0,0,0,0,0,0,0,0
150804-1,0,0,0,0,0,0,0,0,0,0,0,0,0,0,0,0,0,0,0,0,0,0,0,0,0,0,0,0
150804-1,0,0,0,0,0,0,0,0,0,0,0,0,0,0,0,0,0,0,0,0,0,0,0,0,15.13987541,0.487496048,7.714090893,3.363860372
150804-1,0,0,0,0,0,0,0,0,0,0,0,0,0,0,0,0,0,0,0,0,0,0,0,0,0,0,0,0
150804-1,0,0,0,0,0,0,0,0,0,0,0,0,0,0,0,0,0,0,0,0,0,0,0,0,0,0,0,0
150804-1,0,0,0,0,0,0,0,0,0,0,0,0,0,0,0,0,0,0,0,0,0,0,0,0,0,0,0,0
150804-1,0,0,0,0,0,0,0,0,0,0,0,0,0,0,0,0,0,0,0,0,0,0,0,0,0,0,0,0
150804-1,0,0,0,0,0,0,0,0,0,0,0,0,0,0,0,0,0,0,0,0,0,0,0,0,0,0,0,0
150804-2,0,0,0,0,0,0,0,0,0,0,0,0,0,0,0,0,0,0,0,0,0.990595758,0.915750504,0.976000541,0.016642475,0,0,0,0
150804-2,0,0,0,0,0,0,0,0,0,0,0,0,0,0,0,0,0,0,0,0,0,0,0,0,24.22424316,1.729146004,9.094683097,4.169492476
150804-2,0,0,0,0,128.7945862,0,11.12315573,23.02530036,0,0,0,0,0,0,0,0,0,0,0,0,0,0,0,0,0,0,0,0
150804-2,0,0,0,0,0,0,0,0,155.2985229,0,14.5273811,29.71571305,0,0,0,0,0,0,0,0,0,0,0,0,0,0,0,0
150804-2,1752.707886,1284.670776,1482.237499,102.6673524,0,0,0,0,0,0,0,0,0,0,0,0,0,0,0,0,0,0,0,0,0,0,0,0
150804-2,0,0,0,0,0,0,0,0,0,0,0,0,0,0,0,0,0,0,0,0,0,0,0,0,0,0,0,0
150804-2,0,0,0,0,0,0,0,0,0,0,0,0,0,0,0,0,0,0,0,0,0,0,0,0,0,0,0,0
150805-1,0,0,0,0,0,0,0,0,0,0,0,0,0,0,0,0,0,0,0,0,0.999765873,0.965231299,0.98435269,0.007446042,0,0,0,0
150805-1,0,0,0,0,0,0,0,0,0,0,0,0,0,0,0,0,0,0,0,0,0,0,0,0,26.28894424,1.965022802,8.833019772,4.051490462
150805-1,0,0,0,0,45.98122025,0,4.428358452,9.462238222,0,0,0,0,0,0,0,0,0,0,0,0,0,0,0,0,0,0,0,0
150805-1,0,0,0,0,0,0,0,0,132.0028229,0,12.96274195,26.90973311,0,0,0,0,0,0,0,0,0,0,0,0,0,0,0,0
150805-1,1693.009644,1224.161621,1474.875175,97.37047478,0,0,0,0,0,0,0,0,0,0,0,0,0,0,0,0,0,0,0,0,0,0,0,0
150805-1,0,0,0,0,0,0,0,0,0,0,0,0,0,0,0,0,0,0,0,0,0,0,0,0,0,0,0,0
150805-1,0,0,0,0,0,0,0,0,0,0,0,0,0,0,0,0,0,0,0,0,0,0,0,0,0,0,0,0
150805-2,0,0,0,0,0,0,0,0,0,0,0,0,0,0,0,0,0,0,0,0,0.973096073,0.944655776,0.962004731,0.013201828,0,0,0,0
150805-2,0,0,0,0,0,0,0,0,0,0,0,0,0,0,0,0,0,0,0,0,0,0,0,0,25.58037949,3.852168322,12.03473298,4.675361217
150805-2,0,0,0,0,138.5992889,0,12.6002076,25.56718679,0,0,0,0,0,0,0,0,0,0,0,0,0,0,0,0,0,0,0,0
150805-2,0,0,0,0,0,0,0,0,149.094101,0,18.28154413,32.0974031,0,0,0,0,0,0,0,0,0,0,0,0,0,0,0,0
150805-2,1531.617554,1045.759277,1376.036332,127.7389254,0,0,0,0,0,0,0,0,0,0,0,0,0,0,0,0,0,0,0,0,0,0,0,0
150805-2,0,0,0,0,0,0,0,0,0,0,0,0,0,0,0,0,0,0,0,0,0,0,0,0,0,0,0,0
150805-2,0,0,0,0,0,0,0,0,0,0,0,0,0,0,0,0,0,0,0,0,0,0,0,0,0,0,0,0
150806-1,0,0,0,0,0,0,0,0,0,0,0,0,0,0,0,0,0,0,0,0,0.971129298,0.955355585,0.964005291,0.005431427,0,0,0,0
150806-1,0,0,0,0,0,0,0,0,0,0,0,0,0,0,0,0,0,0,0,0,0,0,0,0,26.66042709,3.204727888,10.78402581,4.175132252
150806-1,0,0,0,0,71.5268631,0,4.108756248,12.37842886,0,0,0,0,0,0,0,0,0,0,0,0,0,0,0,0,0,0,0,0
150806-1,0,0,0,0,0,0,0,0,94.20881653,0,12.56154459,22.61020488,0,0,0,0,0,0,0,0,0,0,0,0,0,0,0,0
150806-1,1789.329956,1226.511597,1524.457597,171.2235561,0,0,0,0,0,0,0,0,0,0,0,0,0,0,0,0,0,0,0,0,0,0,0,0
150806-1,0,0,0,0,0,0,0,0,0,0,0,0,0,0,0,0,0,0,0,0,0,0,0,0,0,0,0,0
150806-1,0,0,0,0,0,0,0,0,0,0,0,0,0,0,0,0,0,0,0,0,0,0,0,0,0,0,0,0
150806-2,0,0,0,0,0,0,0,0,0,0,0,0,0,0,0,0,0,0,0,0,0,0,0,0,0,0,0,0
150806-2,0,0,0,0,0,0,0,0,0,0,0,0,0,0,0,0,0,0,0,0,0,0,0,0,9.753727913,0.901962459,3.646290936,2.032587684
150806-2,0,0,0,0,108.1321106,0,10.75097382,21.58088403,0,0,0,0,0,0,0,0,0,0,0,0,0,0,0,0,0,0,0,0
150806-2,0,0,0,0,0,0,0,0,155.8458862,0,14.07655109,32.87288646,0,0,0,0,0,0,0,0,0,0,0,0,0,0,0,0
150806-2,1885.658325,967.4401855,1347.61525,248.8456525,0,0,0,0,0,0,0,0,0,0,0,0,0,0,0,0,0,0,0,0,0,0,0,0
150806-2,0,0,0,0,0,0,0,0,0,0,0,0,0,0,0,0,0,0,0,0,0,0,0,0,0,0,0,0
150806-2,0,0,0,0,0,0,0,0,0,0,0,0,0,0,0,0,0,0,0,0,0,0,0,0,0,0,0,0
150807-1,0,0,0,0,0,0,0,0,0,0,0,0,0,0,0,0,0,0,0,0,0,0,0,0,0,0,0,0
150807-1,0,0,0,0,0,0,0,0,0,0,0,0,0,0,0,0,0,0,0,0,0,0,0,0,0,0,0,0
150807-1,0,0,0,0,106.9385529,0,5.505775388,18.35492941,0,0,0,0,0,0,0,0,0,0,0,0,0,0,0,0,0,0,0,0
150807-1,0,0,0,0,0,0,0,0,132.0609894,0,11.15066062,24.88627112,0,0,0,0,0,0,0,0,0,0,0,0,0,0,0,0
150807-1,1852.944946,870.7380981,1444.716522,249.6142215,0,0,0,0,0,0,0,0,0,0,0,0,0,0,0,0,0,0,0,0,0,0,0,0
150807-1,0,0,0,0,0,0,0,0,0,0,0,0,0,0,0,0,0,0,0,0,0,0,0,0,0,0,0,0
150807-1,0,0,0,0,0,0,0,0,0,0,0,0,0,0,0,0,0,0,0,0,0,0,0,0,0,0,0,0
150812-2,0,0,0,0,0,0,0,0,0,0,0,0,0,0,0,0,0,0,0,0,0,0,0,0,0,0,0,0
150812-2,0,0,0,0,0,0,0,0,0,0,0,0,0,0,0,0,0,0,0,0,0,0,0,0,0,0,0,0
150812-2,0,0,0,0,22.44491959,0,1.105433702,4.522344073,0,0,0,0,0,0,0,0,0,0,0,0,0,0,0,0,0,0,0,0
150812-2,0,0,0,0,0,0,0,0,12.53455162,0,1.248297821,2.90543773,0,0,0,0,0,0,0,0,0,0,0,0,0,0,0,0
150812-2,948.0922241,723.5028687,835.7909927,72.38320699,0,0,0,0,0,0,0,0,0,0,0,0,0,0,0,0,0,0,0,0,0,0,0,0
150812-2,0,0,0,0,0,0,0,0,0,0,0,0,0,0,0,0,0,0,0,0,0,0,0,0,0,0,0,0
150812-2,0,0,0,0,0,0,0,0,0,0,0,0,0,0,0,0,0,0,0,0,0,0,0,0,0,0,0,0
150813-1,0,0,0,0,0,0,0,0,0,0,0,0,0,0,0,0,0,0,0,0,0,0,0,0,0,0,0,0
150813-1,0,0,0,0,0,0,0,0,0,0,0,0,0,0,0,0,0,0,0,0,0,0,0,0,0,0,0,0
150813-1,0,0,0,0,2.301558495,0,0.104616295,0.49069392,0,0,0,0,0,0,0,0,0,0,0,0,0,0,0,0,0,0,0,0
150813-1,0,0,0,0,0,0,0,0,6.798540115,0,0.309024551,1.449453623,0,0,0,0,0,0,0,0,0,0,0,0,0,0,0,0
150813-1,867.925354,722.8730469,814.8599548,66.36970378,0,0,0,0,0,0,0,0,0,0,0,0,0,0,0,0,0,0,0,0,0,0,0,0
150813-1,0,0,0,0,0,0,0,0,0,0,0,0,0,0,0,0,0,0,0,0,0,0,0,0,0,0,0,0
150813-1,0,0,0,0,0,0,0,0,0,0,0,0,0,0,0,0,0,0,0,0,0,0,0,0,0,0,0,0
150814-2,0,0,0,0,0,0,0,0,0,0,0,0,0,0,0,0,0,0,0,0,0.967671752,0.938088953,0.950925589,0.008256039,0,0,0,0
150814-2,0,0,0,0,0,0,0,0,0,0,0,0,0,0,0,0,0,0,0,0,0,0,0,0,80.41698456,4.095574379,14.64041138,9.142847673
150814-2,0,0,0,0,80.4149704,0,7.456021899,17.10572291,0,0,0,0,0,0,0,0,0,0,0,0,0,0,0,0,0,0,0,0
150814-2,0,0,0,0,0,0,0,0,136.0270691,0,13.28892772,26.29568667,0,0,0,0,0,0,0,0,0,0,0,0,0,0,0,0
150814-2,1442.56311,993.9974976,1200.50897,135.8717254,0,0,0,0,0,0,0,0,0,0,0,0,0,0,0,0,0,0,0,0,0,0,0,0
150814-2,0,0,0,0,0,0,0,0,0,0,0,0,0,0,0,0,0,0,0,0,0,0,0,0,0,0,0,0
150814-2,0,0,0,0,0,0,0,0,0,0,0,0,0,0,0,0,0,0,0,0,0,0,0,0,0,0,0,0
150815-1,0,0,0,0,0,0,0,0,0,0,0,0,0,0,0,0,0,0,0,0,0.954319477,0.92535764,0.940601908,0.007913522,0,0,0,0
150815-1,0,0,0,0,0,0,0,0,0,0,0,0,0,0,0,0,0,0,0,0,0,0,0,0,23.52884865,3.102069855,10.54462935,3.620646917
150815-1,0,0,0,0,83.31729126,0,2.765906735,10.49533835,0,0,0,0,0,0,0,0,0,0,0,0,0,0,0,0,0,0,0,0
150815-1,0,0,0,0,0,0,0,0,176.4115601,0,7.032316753,25.25564593,0,0,0,0,0,0,0,0,0,0,0,0,0,0,0,0
150815-1,1430.307373,956.699646,1161.544278,158.6324063,0,0,0,0,0,0,0,0,0,0,0,0,0,0,0,0,0,0,0,0,0,0,0,0
150815-1,0,0,0,0,0,0,0,0,0,0,0,0,0,0,0,0,0,0,0,0,0,0,0,0,0,0,0,0
150815-1,0,0,0,0,0,0,0,0,0,0,0,0,0,0,0,0,0,0,0,0,0,0,0,0,0,0,0,0
150819-2,0,0,0,0,0,0,0,0,0,0,0,0,0,0,0,0,0,0,0,0,0,0,0,0,0,0,0,0
150819-2,0,0,0,0,0,0,0,0,0,0,0,0,0,0,0,0,0,0,0,0,0,0,0,0,77.71716309,0.012562719,11.91254339,16.2533332
150819-2,0,0,0,0,25.54114914,0,1.258461425,5.2395418,0,0,0,0,0,0,0,0,0,0,0,0,0,0,0,0,0,0,0,0
150819-2,0,0,0,0,0,0,0,0,28.64613342,0,0.876689972,4.469347319,0,0,0,0,0,0,0,0,0,0,0,0,0,0,0,0
150819-2,1219.109253,992.0480957,1139.128149,86.74695247,0,0,0,0,0,0,0,0,0,0,0,0,0,0,0,0,0,0,0,0,0,0,0,0
150819-2,0,0,0,0,0,0,0,0,0,0,0,0,0,0,0,0,0,0,0,0,0,0,0,0,0,0,0,0
150819-2,0,0,0,0,0,0,0,0,0,0,0,0,0,0,0,0,0,0,0,0,0,0,0,0,0,0,0,0
150820-1,0,0,0,0,0,0,0,0,0,0,0,0,0,0,0,0,0,0,0,0,0.978242218,0.938267469,0.967072404,0.008248705,0,0,0,0
150820-1,0,0,0,0,0,0,0,0,0,0,0,0,0,0,0,0,0,0,0,0,0,0,0,0,23.41306114,0.078314908,5.41122469,3.663199743
150820-1,0,0,0,0,23.65559006,0,0.374074519,2.555690553,0,0,0,0,0,0,0,0,0,0,0,0,0,0,0,0,0,0,0,0
150820-1,0,0,0,0,0,0,0,0,16.49861526,0,0.75555258,2.883325035,0,0,0,0,0,0,0,0,0,0,0,0,0,0,0,0
150820-1,1654.152222,1005.527588,1296.744493,247.8548616,0,0,0,0,0,0,0,0,0,0,0,0,0,0,0,0,0,0,0,0,0,0,0,0
150820-1,0,0,0,0,0,0,0,0,0,0,0,0,0,0,0,0,0,0,0,0,0,0,0,0,0,0,0,0
150820-1,0,0,0,0,0,0,0,0,0,0,0,0,0,0,0,0,0,0,0,0,0,0,0,0,0,0,0,0
150820-2,0,0,0,0,0,0,0,0,0,0,0,0,0,0,0,0,0,0,0,0,0,0,0,0,0,0,0,0
150820-2,0,0,0,0,0,0,0,0,0,0,0,0,0,0,0,0,0,0,0,0,0,0,0,0,6.733328342,6.371897697,6.510690093,0.155917322
150820-2,0,0,0,0,20.67367935,0,1.088088387,4.74286732,0,0,0,0,0,0,0,0,0,0,0,0,0,0,0,0,0,0,0,0
150820-2,0,0,0,0,0,0,0,0,0,0,0,0,0,0,0,0,0,0,0,0,0,0,0,0,0,0,0,0
150820-2,1202.825439,952.2910156,1041.395732,87.90151027,0,0,0,0,0,0,0,0,0,0,0,0,0,0,0,0,0,0,0,0,0,0,0,0
150820-2,0,0,0,0,0,0,0,0,0,0,0,0,0,0,0,0,0,0,0,0,0,0,0,0,0,0,0,0
150820-2,0,0,0,0,0,0,0,0,0,0,0,0,0,0,0,0,0,0,0,0,0,0,0,0,0,0,0,0
150821-1,0,0,0,0,0,0,0,0,0,0,0,0,0,0,0,0,0,0,0,0,0,0,0,0,0,0,0,0
150821-1,0,0,0,0,0,0,0,0,0,0,0,0,0,0,0,0,0,0,0,0,0,0,0,0,28.71762466,2.031350374,10.51822193,6.999240461
150821-1,0,0,0,0,11.53640652,0,0.340977388,1.978206064,0,0,0,0,0,0,0,0,0,0,0,0,0,0,0,0,0,0,0,0
150821-1,0,0,0,0,0,0,0,0,43.4531517,0,1.731286778,7.831082038,0,0,0,0,0,0,0,0,0,0,0,0,0,0,0,0
150821-1,1315.608643,889.4038696,1102.291412,116.4168335,0,0,0,0,0,0,0,0,0,0,0,0,0,0,0,0,0,0,0,0,0,0,0,0
150821-1,0,0,0,0,0,0,0,0,0,0,0,0,0,0,0,0,0,0,0,0,0,0,0,0,0,0,0,0
150821-1,0,0,0,0,0,0,0,0,0,0,0,0,0,0,0,0,0,0,0,0,0,0,0,0,0,0,0,0
150822-1,0,0,0,0,0,0,0,0,0,0,0,0,0,0,0,0,0,0,0,0,0,0,0,0,0,0,0,0
150822-1,0,0,0,0,0,0,0,0,0,0,0,0,0,0,0,0,0,0,0,0,0,0,0,0,0,0,0,0
150822-1,0,0,0,0,32.58971024,0,1.98288801,6.774054042,0,0,0,0,0,0,0,0,0,0,0,0,0,0,0,0,0,0,0,0
150822-1,0,0,0,0,0,0,0,0,69.02294922,0,4.044054385,14.3601604,0,0,0,0,0,0,0,0,0,0,0,0,0,0,0,0
150822-1,1155.424683,678.1951904,925.5493885,160.3332039,0,0,0,0,0,0,0,0,0,0,0,0,0,0,0,0,0,0,0,0,0,0,0,0
150822-1,0,0,0,0,0,0,0,0,0,0,0,0,0,0,0,0,0,0,0,0,0,0,0,0,0,0,0,0
150822-1,0,0,0,0,0,0,0,0,0,0,0,0,0,0,0,0,0,0,0,0,0,0,0,0,0,0,0,0
150825-2,0,0,0,0,0,0,0,0,0,0,0,0,0,0,0,0,0,0,0,0,0,0,0,0,0,0,0,0
150825-2,0,0,0,0,0,0,0,0,0,0,0,0,0,0,0,0,0,0,0,0,0,0,0,0,29.81144714,1.436726689,7.701144896,7.533564964
150825-2,0,0,0,0,0,0,0,0,0,0,0,0,0,0,0,0,0,0,0,0,0,0,0,0,0,0,0,0
150825-2,0,0,0,0,0,0,0,0,0.733763695,0,0.021581285,0.125839435,0,0,0,0,0,0,0,0,0,0,0,0,0,0,0,0
150825-2,1740.515747,1581.500244,1644.3508,68.26872006,0,0,0,0,0,0,0,0,0,0,0,0,0,0,0,0,0,0,0,0,0,0,0,0
150825-2,0,0,0,0,0,0,0,0,0,0,0,0,0,0,0,0,0,0,0,0,0,0,0,0,0,0,0,0
150825-2,0,0,0,0,0,0,0,0,0,0,0,0,0,0,0,0,0,0,0,0,0,0,0,0,0,0,0,0
150826-1,0,0,0,0,0,0,0,0,0,0,0,0,0,0,0,0,0,0,0,0,0,0,0,0,0,0,0,0
150826-1,0,0,0,0,0,0,0,0,0,0,0,0,0,0,0,0,0,0,0,0,0,0,0,0,52.13759613,1.129391313,11.85971166,11.17584607
150826-1,0,0,0,0,0,0,0,0,0,0,0,0,0,0,0,0,0,0,0,0,0,0,0,0,0,0,0,0
150826-1,0,0,0,0,0,0,0,0,0,0,0,0,0,0,0,0,0,0,0,0,0,0,0,0,0,0,0,0
150826-1,1664.39563,1460.359985,1579.413989,90.51162608,0,0,0,0,0,0,0,0,0,0,0,0,0,0,0,0,0,0,0,0,0,0,0,0
150826-1,0,0,0,0,0,0,0,0,0,0,0,0,0,0,0,0,0,0,0,0,0,0,0,0,0,0,0,0
150826-1,0,0,0,0,0,0,0,0,0,0,0,0,0,0,0,0,0,0,0,0,0,0,0,0,0,0,0,0
150826-2,0,0,0,0,0,0,0,0,0,0,0,0,0,0,0,0,0,0,0,0,0.999414444,0.943742871,0.978781607,0.016696414,0,0,0,0
150826-2,0,0,0,0,0,0,0,0,0,0,0,0,0,0,0,0,0,0,0,0,0,0,0,0,13.04770088,0.998930871,4.989604813,2.637656882
150826-2,0,0,0,0,99.72972107,0,7.423483492,16.46275847,0,0,0,0,0,0,0,0,0,0,0,0,0,0,0,0,0,0,0,0
150826-2,0,0,0,0,0,0,0,0,158.0967712,0,12.25130362,27.66431732,0,0,0,0,0,0,0,0,0,0,0,0,0,0,0,0
150826-2,1603.792969,952.8632813,1293.794429,172.1283622,0,0,0,0,0,0,0,0,0,0,0,0,0,0,0,0,0,0,0,0,0,0,0,0
150826-2,0,0,0,0,0,0,0,0,0,0,0,0,0,0,0,0,0,0,0,0,0,0,0,0,0,0,0,0
150826-2,0,0,0,0,0,0,0,0,0,0,0,0,0,0,0,0,0,0,0,0,0,0,0,0,0,0,0,0
150827-1,0,0,0,0,0,0,0,0,0,0,0,0,0,0,0,0,0,0,0,0,0.999017656,0.864536166,0.975135009,0.024244878,0,0,0,0
150827-1,0,0,0,0,0,0,0,0,0,0,0,0,0,0,0,0,0,0,0,0,0,0,0,0,31.95970154,0.294664621,4.978502296,4.096514549
150827-1,0,0,0,0,83.7951355,0,5.745879627,14.59444181,0,0,0,0,0,0,0,0,0,0,0,0,0,0,0,0,0,0,0,0
150827-1,0,0,0,0,0,0,0,0,127.5214005,0,10.26709437,23.54296739,0,0,0,0,0,0,0,0,0,0,0,0,0,0,0,0
150827-1,1726.77124,912.7809448,1347.590422,296.6285153,0,0,0,0,0,0,0,0,0,0,0,0,0,0,0,0,0,0,0,0,0,0,0,0
150827-1,0,0,0,0,0,0,0,0,0,0,0,0,0,0,0,0,0,0,0,0,0,0,0,0,0,0,0,0
150827-1,0,0,0,0,0,0,0,0,0,0,0,0,0,0,0,0,0,0,0,0,0,0,0,0,0,0,0,0
150827-2,0,0,0,0,0,0,0,0,0,0,0,0,0,0,0,0,0,0,0,0,0,0,0,0,0,0,0,0
150827-2,0,0,0,0,0,0,0,0,0,0,0,0,0,0,0,0,0,0,0,0,0,0,0,0,24.67573357,1.278094649,8.250291624,5.412149279
150827-2,0,0,0,0,0,0,0,0,0,0,0,0,0,0,0,0,0,0,0,0,0,0,0,0,0,0,0,0
150827-2,0,0,0,0,0,0,0,0,5.414843559,0,0.902473927,2.210600626,0,0,0,0,0,0,0,0,0,0,0,0,0,0,0,0
150827-2,1848.328979,1608.02832,1683.523505,71.95433082,0,0,0,0,0,0,0,0,0,0,0,0,0,0,0,0,0,0,0,0,0,0,0,0
150827-2,0,0,0,0,0,0,0,0,0,0,0,0,0,0,0,0,0,0,0,0,0,0,0,0,0,0,0,0
150827-2,0,0,0,0,0,0,0,0,0,0,0,0,0,0,0,0,0,0,0,0,0,0,0,0,0,0,0,0
150828-1,0,0,0,0,0,0,0,0,0,0,0,0,0,0,0,0,0,0,0,0,0,0,0,0,0,0,0,0
150828-1,0,0,0,0,0,0,0,0,0,0,0,0,0,0,0,0,0,0,0,0,0,0,0,0,6.169444561,0.235622868,2.510706756,1.589360155
150828-1,0,0,0,0,0,0,0,0,0,0,0,0,0,0,0,0,0,0,0,0,0,0,0,0,0,0,0,0
150828-1,0,0,0,0,0,0,0,0,8.088083267,0,1.155440467,3.05700813,0,0,0,0,0,0,0,0,0,0,0,0,0,0,0,0
150828-1,1763.947021,1364.739868,1617.366525,131.1551492,0,0,0,0,0,0,0,0,0,0,0,0,0,0,0,0,0,0,0,0,0,0,0,0
150828-1,0,0,0,0,0,0,0,0,0,0,0,0,0,0,0,0,0,0,0,0,0,0,0,0,0,0,0,0
150828-1,0,0,0,0,0,0,0,0,0,0,0,0,0,0,0,0,0,0,0,0,0,0,0,0,0,0,0,0
150901-1a,0,0,0,0,0,0,0,0,0,0,0,0,0,0,0,0,0,0,0,0,0.992693663,0.914109409,0.96969871,0.01989562,0,0,0,0
150901-1a,0,0,0,0,0,0,0,0,0,0,0,0,0,0,0,0,0,0,0,0,0,0,0,0,13.10663414,1.184949756,6.291008597,3.565243455
150901-1a,0,0,0,0,0,0,0,0,0,0,0,0,0,0,0,0,0,0,0,0,0,0,0,0,0,0,0,0
150901-1a,0,0,0,0,0,0,0,0,0,0,0,0,0,0,0,0,0,0,0,0,0,0,0,0,0,0,0,0
150901-1a,1240.973022,1227.722534,1234.347778,9.369510118,0,0,0,0,0,0,0,0,0,0,0,0,0,0,0,0,0,0,0,0,0,0,0,0
150901-1a,0,0,0,0,0,0,0,0,0,0,0,0,0,0,0,0,0,0,0,0,0,0,0,0,0,0,0,0
150901-1a,0,0,0,0,0,0,0,0,0,0,0,0,0,0,0,0,0,0,0,0,0,0,0,0,0,0,0,0
150901-1b,0,0,0,0,0,0,0,0,0,0,0,0,0,0,0,0,0,0,0,0,0.979948103,0.914109409,0.956168314,0.018183356,0,0,0,0
150901-1b,0,0,0,0,0,0,0,0,0,0,0,0,0,0,0,0,0,0,0,0,0,0,0,0,13.10663414,3.24456358,8.224890743,3.376144275
150901-1b,0,0,0,0,0,0,0,0,0,0,0,0,0,0,0,0,0,0,0,0,0,0,0,0,0,0,0,0
150901-1b,0,0,0,0,0,0,0,0,0,0,0,0,0,0,0,0,0,0,0,0,0,0,0,0,0,0,0,0
150901-1b,1240.973022,1240.973022,1240.973022,0,0,0,0,0,0,0,0,0,0,0,0,0,0,0,0,0,0,0,0,0,0,0,0,0
150901-1b,0,0,0,0,0,0,0,0,0,0,0,0,0,0,0,0,0,0,0,0,0,0,0,0,0,0,0,0
150901-1b,0,0,0,0,0,0,0,0,0,0,0,0,0,0,0,0,0,0,0,0,0,0,0,0,0,0,0,0
150904-2,0,0,0,0,0,0,0,0,0,0,0,0,0,0,0,0,0,0,0,0,0,0,0,0,0,0,0,0
150904-2,0,0,0,0,0,0,0,0,0,0,0,0,0,0,0,0,0,0,0,0,0,0,0,0,142.8609924,4.76624012,21.24899404,19.5736786
150904-2,0,0,0,0,1.77686882,0,0.080766765,0.378829705,0,0,0,0,0,0,0,0,0,0,0,0,0,0,0,0,0,0,0,0
150904-2,0,0,0,0,0,0,0,0,0,0,0,0,0,0,0,0,0,0,0,0,0,0,0,0,0,0,0,0
150904-2,1426.67334,1426.67334,1426.67334,0,0,0,0,0,0,0,0,0,0,0,0,0,0,0,0,0,0,0,0,0,0,0,0,0
150904-2,0,0,0,0,0,0,0,0,0,0,0,0,0,0,0,0,0,0,0,0,0,0,0,0,0,0,0,0
150904-2,0,0,0,0,0,0,0,0,0,0,0,0,0,0,0,0,0,0,0,0,0,0,0,0,0,0,0,0
150905-1,0,0,0,0,0,0,0,0,0,0,0,0,0,0,0,0,0,0,0,0,0,0,0,0,0,0,0,0
150905-1,0,0,0,0,0,0,0,0,0,0,0,0,0,0,0,0,0,0,0,0,0,0,0,0,113.3502426,4.76624012,25.47185617,22.57986252
150905-1,0,0,0,0,0,0,0,0,0,0,0,0,0,0,0,0,0,0,0,0,0,0,0,0,0,0,0,0
150905-1,0,0,0,0,0,0,0,0,0,0,0,0,0,0,0,0,0,0,0,0,0,0,0,0,0,0,0,0
150905-1,0,0,0,0,0,0,0,0,0,0,0,0,0,0,0,0,0,0,0,0,0,0,0,0,0,0,0,0
150905-1,0,0,0,0,0,0,0,0,0,0,0,0,0,0,0,0,0,0,0,0,0,0,0,0,0,0,0,0
150905-1,0,0,0,0,0,0,0,0,0,0,0,0,0,0,0,0,0,0,0,0,0,0,0,0,0,0,0,0
150909-2,0,0,0,0,0,0,0,0,0,0,0,0,0,0,0,0,0,0,0,0,0.957957983,0.766748786,0.885386824,0.033688608,0,0,0,0
150909-2,0,0,0,0,0,0,0,0,0,0,0,0,0,0,0,0,0,0,0,0,0,0,0,0,46.93659592,3.65873313,17.20648127,6.269632171
150909-2,0,0,0,0,192.9514465,0,6.778749636,23.09318434,0,0,0,0,0,0,0,0,0,0,0,0,0,0,0,0,0,0,0,0
150909-2,0,0,0,0,0,0,0,0,138.799881,0,9.794487588,22.03651074,0,0,0,0,0,0,0,0,0,0,0,0,0,0,0,0
150909-2,1759.683594,1081.130127,1360.781915,237.3387723,0,0,0,0,0,0,0,0,0,0,0,0,0,0,0,0,0,0,0,0,0,0,0,0
150909-2,0,0,0,0,0,0,0,0,0,0,0,0,0,0,0,0,0,0,0,0,0,0,0,0,0,0,0,0
150909-2,0,0,0,0,0,0,0,0,0,0,0,0,0,0,0,0,0,0,0,0,0,0,0,0,0,0,0,0
150910-1,0,0,0,0,0,0,0,0,0,0,0,0,0,0,0,0,0,0,0,0,0.993692935,0.797227085,0.931666088,0.051633506,0,0,0,0
150910-1,0,0,0,0,0,0,0,0,0,0,0,0,0,0,0,0,0,0,0,0,0,0,0,0,46.93659592,0.304975927,11.63876304,7.280994138
150910-1,0,0,0,0,187.5449219,0,5.578610345,20.06121682,0,0,0,0,0,0,0,0,0,0,0,0,0,0,0,0,0,0,0,0
150910-1,0,0,0,0,0,0,0,0,94.64376831,0,8.271758165,19.12613998,0,0,0,0,0,0,0,0,0,0,0,0,0,0,0,0
150910-1,1703.91333,1178.828857,1433.393053,181.6309648,0,0,0,0,0,0,0,0,0,0,0,0,0,0,0,0,0,0,0,0,0,0,0,0
150910-1,0,0,0,0,0,0,0,0,0,0,0,0,0,0,0,0,0,0,0,0,0,0,0,0,0,0,0,0
150910-1,0,0,0,0,0,0,0,0,0,0,0,0,0,0,0,0,0,0,0,0,0,0,0,0,0,0,0,0
150910-2,0,0,0,0,0,0,0,0,0,0,0,0,0,0,0,0,0,0,0,0,0.998483956,0.940392613,0.982205756,0.010994358,0,0,0,0
150910-2,0,0,0,0,0,0,0,0,0,0,0,0,0,0,0,0,0,0,0,0,0,0,0,0,26.97697639,0.304975927,6.429006704,3.638135855
150910-2,0,0,0,0,67.79356384,0,2.505468551,9.106852585,0,0,0,0,0,0,0,0,0,0,0,0,0,0,0,0,0,0,0,0
150910-2,0,0,0,0,0,0,0,0,119.9494705,0,5.171009283,15.84339265,0,0,0,0,0,0,0,0,0,0,0,0,0,0,0,0
150910-2,1703.91333,1319.125488,1523.078234,114.7786814,0,0,0,0,0,0,0,0,0,0,0,0,0,0,0,0,0,0,0,0,0,0,0,0
150910-2,0,0,0,0,0,0,0,0,0,0,0,0,0,0,0,0,0,0,0,0,0,0,0,0,0,0,0,0
150910-2,0,0,0,0,0,0,0,0,0,0,0,0,0,0,0,0,0,0,0,0,0,0,0,0,0,0,0,0
150911-1,0,0,0,0,0,0,0,0,0,0,0,0,0,0,0,0,0,0,0,0,0.998483956,0.971187234,0.988256301,0.005519587,0,0,0,0
150911-1,0,0,0,0,0,0,0,0,0,0,0,0,0,0,0,0,0,0,0,0,0,0,0,0,16.08180809,0.637133121,5.452121669,2.977598708
150911-1,0,0,0,0,67.79356384,0,1.264565816,6.472593658,0,0,0,0,0,0,0,0,0,0,0,0,0,0,0,0,0,0,0,0
150911-1,0,0,0,0,0,0,0,0,119.9494705,0,4.469261843,16.1675251,0,0,0,0,0,0,0,0,0,0,0,0,0,0,0,0
150911-1,1653.620728,1171.753784,1473.647302,151.2294276,0,0,0,0,0,0,0,0,0,0,0,0,0,0,0,0,0,0,0,0,0,0,0,0
150911-1,0,0,0,0,0,0,0,0,0,0,0,0,0,0,0,0,0,0,0,0,0,0,0,0,0,0,0,0
150911-1,0,0,0,0,0,0,0,0,0,0,0,0,0,0,0,0,0,0,0,0,0,0,0,0,0,0,0,0
150911-2,0,0,0,0,0,0,0,0,0,0,0,0,0,0,0,0,0,0,0,0,0,0,0,0,0,0,0,0
150911-2,0,0,0,0,0,0,0,0,0,0,0,0,0,0,0,0,0,0,0,0,0,0,0,0,13.61308098,1.964271545,6.099946439,2.541317762
150911-2,0,0,0,0,4.550425529,0,0.084267139,0.619234481,0,0,0,0,0,0,0,0,0,0,0,0,0,0,0,0,0,0,0,0
150911-2,0,0,0,0,0,0,0,0,15.59120178,0,1.220564984,3.956457162,0,0,0,0,0,0,0,0,0,0,0,0,0,0,0,0
150911-2,1716.275391,1171.753784,1502.824341,191.7929772,0,0,0,0,0,0,0,0,0,0,0,0,0,0,0,0,0,0,0,0,0,0,0,0
150911-2,0,0,0,0,0,0,0,0,0,0,0,0,0,0,0,0,0,0,0,0,0,0,0,0,0,0,0,0
150911-2,0,0,0,0,0,0,0,0,0,0,0,0,0,0,0,0,0,0,0,0,0,0,0,0,0,0,0,0
150912-1,0,0,0,0,0,0,0,0,0,0,0,0,0,0,0,0,0,0,0,0,0,0,0,0,0,0,0,0
150912-1,0,0,0,0,0,0,0,0,0,0,0,0,0,0,0,0,0,0,0,0,0,0,0,0,13.61308098,3.847379923,8.682915419,3.292728172
150912-1,0,0,0,0,0,0,0,0,0,0,0,0,0,0,0,0,0,0,0,0,0,0,0,0,0,0,0,0
150912-1,0,0,0,0,0,0,0,0,0,0,0,0,0,0,0,0,0,0,0,0,0,0,0,0,0,0,0,0
150912-1,1716.275391,1624.174805,1670.225098,65.12494887,0,0,0,0,0,0,0,0,0,0,0,0,0,0,0,0,0,0,0,0,0,0,0,0
150912-1,0,0,0,0,0,0,0,0,0,0,0,0,0,0,0,0,0,0,0,0,0,0,0,0,0,0,0,0
150912-1,0,0,0,0,0,0,0,0,0,0,0,0,0,0,0,0,0,0,0,0,0,0,0,0,0,0,0,0
150915-1,0,0,0,0,0,0,0,0,0,0,0,0,0,0,0,0,0,0,0,0,0,0,0,0,0,0,0,0
150915-1,0,0,0,0,0,0,0,0,0,0,0,0,0,0,0,0,0,0,0,0,0,0,0,0,0,0,0,0
150915-1,0,0,0,0,0,0,0,0,0,0,0,0,0,0,0,0,0,0,0,0,0,0,0,0,0,0,0,0
150915-1,0,0,0,0,0,0,0,0,43.41624451,0,7.944572176,16.28850964,0,0,0,0,0,0,0,0,0,0,0,0,0,0,0,0
150915-1,1630.049316,1100.187622,1282.434855,230.4512177,0,0,0,0,0,0,0,0,0,0,0,0,0,0,0,0,0,0,0,0,0,0,0,0
150915-1,0,0,0,0,0,0,0,0,0,0,0,0,0,0,0,0,0,0,0,0,0,0,0,0,0,0,0,0
150915-1,0,0,0,0,0,0,0,0,0,0,0,0,0,0,0,0,0,0,0,0,0,0,0,0,0,0,0,0
150915-2,0,0,0,0,0,0,0,0,0,0,0,0,0,0,0,0,0,0,0,0,0,0,0,0,0,0,0,0
150915-2,0,0,0,0,0,0,0,0,0,0,0,0,0,0,0,0,0,0,0,0,0,0,0,0,0,0,0,0
150915-2,0,0,0,0,0,0,0,0,0,0,0,0,0,0,0,0,0,0,0,0,0,0,0,0,0,0,0,0
150915-2,0,0,0,0,0,0,0,0,43.41624451,0,5.427030563,15.34996045,0,0,0,0,0,0,0,0,0,0,0,0,0,0,0,0
150915-2,1118.260254,991.9138184,1064.349833,47.7740784,0,0,0,0,0,0,0,0,0,0,0,0,0,0,0,0,0,0,0,0,0,0,0,0
150915-2,0,0,0,0,0,0,0,0,0,0,0,0,0,0,0,0,0,0,0,0,0,0,0,0,0,0,0,0
150915-2,0,0,0,0,0,0,0,0,0,0,0,0,0,0,0,0,0,0,0,0,0,0,0,0,0,0,0,0
150916-1,0,0,0,0,0,0,0,0,0,0,0,0,0,0,0,0,0,0,0,0,0,0,0,0,0,0,0,0
150916-1,0,0,0,0,0,0,0,0,0,0,0,0,0,0,0,0,0,0,0,0,0,0,0,0,60.90759659,4.18268013,16.09863171,10.98062013
150916-1,0,0,0,0,57.55761719,0,2.997239553,11.82247272,0,0,0,0,0,0,0,0,0,0,0,0,0,0,0,0,0,0,0,0
150916-1,0,0,0,0,0,0,0,0,69.64051819,0,4.133198518,14.31517349,0,0,0,0,0,0,0,0,0,0,0,0,0,0,0,0
150916-1,1747.696045,991.9138184,1317.973022,197.8545159,0,0,0,0,0,0,0,0,0,0,0,0,0,0,0,0,0,0,0,0,0,0,0,0
150916-1,0,0,0,0,0,0,0,0,0,0,0,0,0,0,0,0,0,0,0,0,0,0,0,0,0,0,0,0
150916-1,0,0,0,0,0,0,0,0,0,0,0,0,0,0,0,0,0,0,0,0,0,0,0,0,0,0,0,0
150916-2,0,0,0,0,0,0,0,0,0,0,0,0,0,0,0,0,0,0,0,0,0,0,0,0,0,0,0,0
150916-2,0,0,0,0,0,0,0,0,0,0,0,0,0,0,0,0,0,0,0,0,0,0,0,0,73.92290497,4.18268013,24.64732184,16.34215355
150916-2,0,0,0,0,57.55761719,0,2.0647818,7.871806107,0,0,0,0,0,0,0,0,0,0,0,0,0,0,0,0,0,0,0,0
150916-2,0,0,0,0,0,0,0,0,69.64051819,0,2.293119418,9.026814753,0,0,0,0,0,0,0,0,0,0,0,0,0,0,0,0
150916-2,1826.814087,1161.05542,1374.326019,176.5030441,0,0,0,0,0,0,0,0,0,0,0,0,0,0,0,0,0,0,0,0,0,0,0,0
150916-2,0,0,0,0,0,0,0,0,0,0,0,0,0,0,0,0,0,0,0,0,0,0,0,0,0,0,0,0
150916-2,0,0,0,0,0,0,0,0,0,0,0,0,0,0,0,0,0,0,0,0,0,0,0,0,0,0,0,0
150917-1,0,0,0,0,0,0,0,0,0,0,0,0,0,0,0,0,0,0,0,0,0,0,0,0,0,0,0,0
150917-1,0,0,0,0,0,0,0,0,0,0,0,0,0,0,0,0,0,0,0,0,0,0,0,0,73.92290497,7.817538261,32.58539125,16.63964639
150917-1,0,0,0,0,58.59413147,0,2.144468052,7.793741493,0,0,0,0,0,0,0,0,0,0,0,0,0,0,0,0,0,0,0,0
150917-1,0,0,0,0,0,0,0,0,36.69340897,0,1.881846474,6.191158274,0,0,0,0,0,0,0,0,0,0,0,0,0,0,0,0
150917-1,1826.814087,1076.531616,1306.160526,180.4427037,0,0,0,0,0,0,0,0,0,0,0,0,0,0,0,0,0,0,0,0,0,0,0,0
150917-1,0,0,0,0,0,0,0,0,0,0,0,0,0,0,0,0,0,0,0,0,0,0,0,0,0,0,0,0
150917-1,0,0,0,0,0,0,0,0,0,0,0,0,0,0,0,0,0,0,0,0,0,0,0,0,0,0,0,0
150917-2,0,0,0,0,0,0,0,0,0,0,0,0,0,0,0,0,0,0,0,0,0,0,0,0,0,0,0,0
150917-2,0,0,0,0,0,0,0,0,0,0,0,0,0,0,0,0,0,0,0,0,0,0,0,0,0,0,0,0
150917-2,0,0,0,0,58.59413147,0,3.725531401,11.78061547,0,0,0,0,0,0,0,0,0,0,0,0,0,0,0,0,0,0,0,0
150917-2,0,0,0,0,0,0,0,0,36.69340897,0,3.070787324,8.821845867,0,0,0,0,0,0,0,0,0,0,0,0,0,0,0,0
150917-2,1254.126099,834.5553589,1084.202122,128.0803484,0,0,0,0,0,0,0,0,0,0,0,0,0,0,0,0,0,0,0,0,0,0,0,0
150917-2,0,0,0,0,0,0,0,0,0,0,0,0,0,0,0,0,0,0,0,0,0,0,0,0,0,0,0,0
150917-2,0,0,0,0,0,0,0,0,0,0,0,0,0,0,0,0,0,0,0,0,0,0,0,0,0,0,0,0
150918-1,0,0,0,0,0,0,0,0,0,0,0,0,0,0,0,0,0,0,0,0,0,0,0,0,0,0,0,0
150918-1,0,0,0,0,0,0,0,0,0,0,0,0,0,0,0,0,0,0,0,0,0,0,0,0,0,0,0,0
150918-1,0,0,0,0,7.86771965,0,1.12395995,2.973718511,0,0,0,0,0,0,0,0,0,0,0,0,0,0,0,0,0,0,0,0
150918-1,0,0,0,0,0,0,0,0,0,0,0,0,0,0,0,0,0,0,0,0,0,0,0,0,0,0,0,0
150918-1,1157.632202,490.3695374,881.6909654,204.0447641,0,0,0,0,0,0,0,0,0,0,0,0,0,0,0,0,0,0,0,0,0,0,0,0
150918-1,0,0,0,0,0,0,0,0,0,0,0,0,0,0,0,0,0,0,0,0,0,0,0,0,0,0,0,0
150918-1,0,0,0,0,0,0,0,0,0,0,0,0,0,0,0,0,0,0,0,0,0,0,0,0,0,0,0,0
150918-2,0,0,0,0,0,0,0,0,0,0,0,0,0,0,0,0,0,0,0,0,0,0,0,0,0,0,0,0
150918-2,0,0,0,0,0,0,0,0,0,0,0,0,0,0,0,0,0,0,0,0,0,0,0,0,0,0,0,0
150918-2,0,0,0,0,0,0,0,0,0,0,0,0,0,0,0,0,0,0,0,0,0,0,0,0,0,0,0,0
150918-2,0,0,0,0,0,0,0,0,8.59967804,0,1.074959755,3.040445329,0,0,0,0,0,0,0,0,0,0,0,0,0,0,0,0
150918-2,716.8648682,490.3695374,606.1447144,92.44909077,0,0,0,0,0,0,0,0,0,0,0,0,0,0,0,0,0,0,0,0,0,0,0,0
150918-2,0,0,0,0,0,0,0,0,0,0,0,0,0,0,0,0,0,0,0,0,0,0,0,0,0,0,0,0
150918-2,0,0,0,0,0,0,0,0,0,0,0,0,0,0,0,0,0,0,0,0,0,0,0,0,0,0,0,0
150919-1,0,0,0,0,0,0,0,0,0,0,0,0,0,0,0,0,0,0,0,0,0,0,0,0,0,0,0,0
150919-1,0,0,0,0,0,0,0,0,0,0,0,0,0,0,0,0,0,0,0,0,0,0,0,0,0,0,0,0
150919-1,0,0,0,0,0,0,0,0,0,0,0,0,0,0,0,0,0,0,0,0,0,0,0,0,0,0,0,0
150919-1,0,0,0,0,0,0,0,0,8.59967804,0,2.14991951,4.29983902,0,0,0,0,0,0,0,0,0,0,0,0,0,0,0,0
150919-1,638.5630493,638.5630493,638.5630493,0,0,0,0,0,0,0,0,0,0,0,0,0,0,0,0,0,0,0,0,0,0,0,0,0
150919-1,0,0,0,0,0,0,0,0,0,0,0,0,0,0,0,0,0,0,0,0,0,0,0,0,0,0,0,0
150919-1,0,0,0,0,0,0,0,0,0,0,0,0,0,0,0,0,0,0,0,0,0,0,0,0,0,0,0,0
150924-2,0,0,0,0,0,0,0,0,0,0,0,0,0,0,0,0,0,0,0,0,0.986525655,0.866261601,0.968043975,0.013063885,0,0,0,0
150924-2,0,0,0,0,0,0,0,0,0,0,0,0,0,0,0,0,0,0,0,0,0,0,0,0,25.64271164,0.149136618,4.87655177,3.332169512
150924-2,0,0,0,0,69.04858398,0,2.52240152,8.733710829,0,0,0,0,0,0,0,0,0,0,0,0,0,0,0,0,0,0,0,0
150924-2,0,0,0,0,0,0,0,0,70.98151398,0,4.662634149,13.36657622,0,0,0,0,0,0,0,0,0,0,0,0,0,0,0,0
150924-2,1554.463013,940.7858887,1251.655548,271.3218975,0,0,0,0,0,0,0,0,0,0,0,0,0,0,0,0,0,0,0,0,0,0,0,0
150924-2,0,0,0,0,0,0,0,0,0,0,0,0,0,0,0,0,0,0,0,0,0,0,0,0,0,0,0,0
150924-2,0,0,0,0,0,0,0,0,0,0,0,0,0,0,0,0,0,0,0,0,0,0,0,0,0,0,0,0
150925-1,0,0,0,0,0,0,0,0,0,0,0,0,0,0,0,0,0,0,0,0,0.97842145,0.866261601,0.964078184,0.021180401,0,0,0,0
150925-1,0,0,0,0,0,0,0,0,0,0,0,0,0,0,0,0,0,0,0,0,0,0,0,0,23.74162292,0.182771578,4.508569422,2.982569262
150925-1,0,0,0,0,50.51694107,0,1.200589307,5.402367373,0,0,0,0,0,0,0,0,0,0,0,0,0,0,0,0,0,0,0,0
150925-1,0,0,0,0,0,0,0,0,70.98151398,0,3.154979888,11.24934091,0,0,0,0,0,0,0,0,0,0,0,0,0,0,0,0
150925-1,1670.367798,940.7858887,1288.130539,383.8969291,0,0,0,0,0,0,0,0,0,0,0,0,0,0,0,0,0,0,0,0,0,0,0,0
150925-1,0,0,0,0,0,0,0,0,0,0,0,0,0,0,0,0,0,0,0,0,0,0,0,0,0,0,0,0
150925-1,0,0,0,0,0,0,0,0,0,0,0,0,0,0,0,0,0,0,0,0,0,0,0,0,0,0,0,0
150925-2,0,0,0,0,0,0,0,0,0,0,0,0,0,0,0,0,0,0,0,0,0,0,0,0,0,0,0,0
150925-2,0,0,0,0,0,0,0,0,0,0,0,0,0,0,0,0,0,0,0,0,0,0,0,0,8.667621613,0.189035609,3.273311796,2.132926488
150925-2,0,0,0,0,0,0,0,0,0,0,0,0,0,0,0,0,0,0,0,0,0,0,0,0,0,0,0,0
150925-2,0,0,0,0,0,0,0,0,2.682384491,0,0.116625413,0.55931583,0,0,0,0,0,0,0,0,0,0,0,0,0,0,0,0
150925-2,1670.367798,1566.292236,1618.330017,73.59253531,0,0,0,0,0,0,0,0,0,0,0,0,0,0,0,0,0,0,0,0,0,0,0,0
150925-2,0,0,0,0,0,0,0,0,0,0,0,0,0,0,0,0,0,0,0,0,0,0,0,0,0,0,0,0
150925-2,0,0,0,0,0,0,0,0,0,0,0,0,0,0,0,0,0,0,0,0,0,0,0,0,0,0,0,0
150926-1,0,0,0,0,0,0,0,0,0,0,0,0,0,0,0,0,0,0,0,0,0,0,0,0,0,0,0,0
150926-1,0,0,0,0,0,0,0,0,0,0,0,0,0,0,0,0,0,0,0,0,0,0,0,0,8.667621613,0.36874631,3.643862906,2.304013866
150926-1,0,0,0,0,0,0,0,0,0,0,0,0,0,0,0,0,0,0,0,0,0,0,0,0,0,0,0,0
150926-1,0,0,0,0,0,0,0,0,2.682384491,0,0.383197784,1.013846041,0,0,0,0,0,0,0,0,0,0,0,0,0,0,0,0
150926-1,0,0,0,0,0,0,0,0,0,0,0,0,0,0,0,0,0,0,0,0,0,0,0,0,0,0,0,0
150926-1,0,0,0,0,0,0,0,0,0,0,0,0,0,0,0,0,0,0,0,0,0,0,0,0,0,0,0,0
150926-1,0,0,0,0,0,0,0,0,0,0,0,0,0,0,0,0,0,0,0,0,0,0,0,0,0,0,0,0
150928-2,0,0,0,0,0,0,0,0,0,0,0,0,0,0,0,0,0,0,0,0,0,0,0,0,0,0,0,0
150928-2,0,0,0,0,0,0,0,0,0,0,0,0,0,0,0,0,0,0,0,0,0,0,0,0,0,0,0,0
150928-2,0,0,0,0,208.3659821,0,4.699813316,21.62216207,0,0,0,0,0,0,0,0,0,0,0,0,0,0,0,0,0,0,0,0
150928-2,0,0,0,0,0,0,0,0,115.7790527,0,7.119618108,18.32108138,0,0,0,0,0,0,0,0,0,0,0,0,0,0,0,0
150928-2,1011.74762,753.1342163,872.040302,82.1978485,0,0,0,0,0,0,0,0,0,0,0,0,0,0,0,0,0,0,0,0,0,0,0,0
150928-2,0,0,0,0,0,0,0,0,0,0,0,0,0,0,0,0,0,0,0,0,0,0,0,0,0,0,0,0
150928-2,0,0,0,0,0,0,0,0,0,0,0,0,0,0,0,0,0,0,0,0,0,0,0,0,0,0,0,0
150929-1,0,0,0,0,0,0,0,0,0,0,0,0,0,0,0,0,0,0,0,0,0,0,0,0,0,0,0,0
150929-1,0,0,0,0,0,0,0,0,0,0,0,0,0,0,0,0,0,0,0,0,0,0,0,0,0,0,0,0
150929-1,0,0,0,0,167.7299805,0,3.286230954,13.54595829,0,0,0,0,0,0,0,0,0,0,0,0,0,0,0,0,0,0,0,0
150929-1,0,0,0,0,0,0,0,0,96.55819702,0,7.221423665,17.61384504,0,0,0,0,0,0,0,0,0,0,0,0,0,0,0,0
150929-1,1374.78186,753.1342163,942.7217825,168.8458986,0,0,0,0,0,0,0,0,0,0,0,0,0,0,0,0,0,0,0,0,0,0,0,0
150929-1,0,0,0,0,0,0,0,0,0,0,0,0,0,0,0,0,0,0,0,0,0,0,0,0,0,0,0,0
150929-1,0,0,0,0,0,0,0,0,0,0,0,0,0,0,0,0,0,0,0,0,0,0,0,0,0,0,0,0
150929-2,0,0,0,0,0,0,0,0,0,0,0,0,0,0,0,0,0,0,0,0,0,0,0,0,0,0,0,0
150929-2,0,0,0,0,0,0,0,0,0,0,0,0,0,0,0,0,0,0,0,0,0,0,0,0,54.91655731,6.496620655,22.83113506,15.26705243
150929-2,0,0,0,0,61.82844162,0,2.866012818,11.43667503,0,0,0,0,0,0,0,0,0,0,0,0,0,0,0,0,0,0,0,0
150929-2,0,0,0,0,0,0,0,0,42.85694504,0,1.619214664,6.882092306,0,0,0,0,0,0,0,0,0,0,0,0,0,0,0,0
150929-2,1712.21875,779.9508667,1095.928364,231.2665551,0,0,0,0,0,0,0,0,0,0,0,0,0,0,0,0,0,0,0,0,0,0,0,0
150929-2,0,0,0,0,0,0,0,0,0,0,0,0,0,0,0,0,0,0,0,0,0,0,0,0,0,0,0,0
150929-2,0,0,0,0,0,0,0,0,0,0,0,0,0,0,0,0,0,0,0,0,0,0,0,0,0,0,0,0
150930-1,0,0,0,0,0,0,0,0,0,0,0,0,0,0,0,0,0,0,0,0,0,0,0,0,0,0,0,0
150930-1,0,0,0,0,0,0,0,0,0,0,0,0,0,0,0,0,0,0,0,0,0,0,0,0,54.91655731,5.514069557,17.9248942,11.23991169
150930-1,0,0,0,0,61.82844162,0,1.227288978,7.885870123,0,0,0,0,0,0,0,0,0,0,0,0,0,0,0,0,0,0,0,0
150930-1,0,0,0,0,0,0,0,0,42.85694504,0,0.615416231,4.430591977,0,0,0,0,0,0,0,0,0,0,0,0,0,0,0,0
150930-1,1856.406128,821.8500977,1179.207893,239.4270955,0,0,0,0,0,0,0,0,0,0,0,0,0,0,0,0,0,0,0,0,0,0,0,0
150930-1,0,0,0,0,0,0,0,0,0,0,0,0,0,0,0,0,0,0,0,0,0,0,0,0,0,0,0,0
150930-1,0,0,0,0,0,0,0,0,0,0,0,0,0,0,0,0,0,0,0,0,0,0,0,0,0,0,0,0
150930-2,0,0,0,0,0,0,0,0,0,0,0,0,0,0,0,0,0,0,0,0,0,0,0,0,0,0,0,0
150930-2,0,0,0,0,0,0,0,0,0,0,0,0,0,0,0,0,0,0,0,0,0,0,0,0,35.19423294,1.929186463,11.86244184,6.049481361
150930-2,0,0,0,0,90.27935791,0,0.749253877,7.352746834,0,0,0,0,0,0,0,0,0,0,0,0,0,0,0,0,0,0,0,0
150930-2,0,0,0,0,0,0,0,0,38.9575882,0,0.470335285,3.33565148,0,0,0,0,0,0,0,0,0,0,0,0,0,0,0,0
150930-2,1856.406128,930.1413574,1229.109052,236.0158703,0,0,0,0,0,0,0,0,0,0,0,0,0,0,0,0,0,0,0,0,0,0,0,0
150930-2,0,0,0,0,0,0,0,0,0,0,0,0,0,0,0,0,0,0,0,0,0,0,0,0,0,0,0,0
150930-2,0,0,0,0,0,0,0,0,0,0,0,0,0,0,0,0,0,0,0,0,0,0,0,0,0,0,0,0
151001-1,0,0,0,0,0,0,0,0,0,0,0,0,0,0,0,0,0,0,0,0,0,0,0,0,0,0,0,0
151001-1,0,0,0,0,0,0,0,0,0,0,0,0,0,0,0,0,0,0,0,0,0,0,0,0,35.19423294,1.929186463,11.21907847,6.83007032
151001-1,0,0,0,0,90.27935791,0,3.446567835,15.64748158,0,0,0,0,0,0,0,0,0,0,0,0,0,0,0,0,0,0,0,0
151001-1,0,0,0,0,0,0,0,0,38.9575882,0,2.079324068,6.978649824,0,0,0,0,0,0,0,0,0,0,0,0,0,0,0,0
151001-1,1856.406128,960.9381714,1246.804536,263.0293259,0,0,0,0,0,0,0,0,0,0,0,0,0,0,0,0,0,0,0,0,0,0,0,0
151001-1,0,0,0,0,0,0,0,0,0,0,0,0,0,0,0,0,0,0,0,0,0,0,0,0,0,0,0,0
151001-1,0,0,0,0,0,0,0,0,0,0,0,0,0,0,0,0,0,0,0,0,0,0,0,0,0,0,0,0
151001-2,0,0,0,0,0,0,0,0,0,0,0,0,0,0,0,0,0,0,0,0,0,0,0,0,0,0,0,0
151001-2,0,0,0,0,0,0,0,0,0,0,0,0,0,0,0,0,0,0,0,0,0,0,0,0,0,0,0,0
151001-2,0,0,0,0,0,0,0,0,0,0,0,0,0,0,0,0,0,0,0,0,0,0,0,0,0,0,0,0
151001-2,0,0,0,0,0,0,0,0,0,0,0,0,0,0,0,0,0,0,0,0,0,0,0,0,0,0,0,0
151001-2,0,0,0,0,0,0,0,0,0,0,0,0,0,0,0,0,0,0,0,0,0,0,0,0,0,0,0,0
151001-2,0,0,0,0,0,0,0,0,0,0,0,0,0,0,0,0,0,0,0,0,0,0,0,0,0,0,0,0
151001-2,0,0,0,0,0,0,0,0,0,0,0,0,0,0,0,0,0,0,0,0,0,0,0,0,0,0,0,0
151002-1,0,0,0,0,0,0,0,0,0,0,0,0,0,0,0,0,0,0,0,0,0,0,0,0,0,0,0,0
151002-1,0,0,0,0,0,0,0,0,0,0,0,0,0,0,0,0,0,0,0,0,0,0,0,0,0,0,0,0
151002-1,0,0,0,0,0,0,0,0,0,0,0,0,0,0,0,0,0,0,0,0,0,0,0,0,0,0,0,0
151002-1,0,0,0,0,0,0,0,0,0,0,0,0,0,0,0,0,0,0,0,0,0,0,0,0,0,0,0,0
151002-1,0,0,0,0,0,0,0,0,0,0,0,0,0,0,0,0,0,0,0,0,0,0,0,0,0,0,0,0
151002-1,0,0,0,0,0,0,0,0,0,0,0,0,0,0,0,0,0,0,0,0,0,0,0,0,0,0,0,0
151002-1,0,0,0,0,0,0,0,0,0,0,0,0,0,0,0,0,0,0,0,0,0,0,0,0,0,0,0,0
